1.1v,1.1i,1.2v,1.2i,1.3v,1.3i,1.4v,1.4i,1.5v,1.5i,1.6v,1.6i,1.7v,1.7i,1.8v,1.8i,1.9v,1.9i,2.0v,2.0i,,,,,
1,1.26E-10,1,1.61E-10,1,1.99E-10,1,2.41E-10,1,2.85E-10,1,3.32E-10,1,3.81E-10,1,4.32E-10,1,4.85E-10,1,5.39E-10,,,,,
1.000000004,3.16E-12,1.000000004,6.69E-12,1.000000004,1.10E-11,1.000000004,1.61E-11,1.000000004,2.19E-11,1.000000004,2.86E-11,1.000000004,3.61E-11,1.000000004,4.42E-11,1.000000004,5.29E-11,1.000000004,6.24E-11,,,,,
1.000000012,3.46E-13,1.000000012,6.86E-13,1.000000012,1.18E-12,1.000000012,1.83E-12,1.000000012,2.64E-12,1.000000012,3.63E-12,1.000000013,4.79E-12,1.000000013,6.07E-12,1.000000013,7.49E-12,1.000000013,9.23E-12,,,,,
1.000000025,4.40E-13,1.000000026,4.76E-13,1.000000026,5.34E-13,1.000000026,6.19E-13,1.000000026,7.34E-13,1.000000027,8.83E-13,1.000000027,1.07E-12,1.000000028,1.28E-12,1.000000028,1.52E-12,1.000000028,1.85E-12,,,,,
1.000000043,4.95E-13,1.000000044,5.10E-13,1.000000045,5.29E-13,1.000000045,5.51E-13,1.000000046,5.77E-13,1.000000046,6.10E-13,1.000000047,6.50E-13,1.000000048,6.96E-13,1.000000049,7.49E-13,1.000000049,8.19E-13,,,,,
1.000000094,5.93E-13,1.000000096,6.11E-13,1.000000098,6.27E-13,1.000000099,6.38E-13,1.0000001,6.44E-13,1.000000102,6.46E-13,1.000000103,6.43E-13,1.000000106,6.38E-13,1.000000108,6.29E-13,1.000000108,6.04E-13,,,,,
1.000000157,6.65E-13,1.00000016,7.08E-13,1.000000163,7.59E-13,1.000000165,8.20E-13,1.000000167,7.95E-13,1.00000017,8.30E-13,1.000000173,8.66E-13,1.000000177,9.04E-13,1.000000181,9.42E-13,1.000000181,9.75E-13,,,,,
1.00000027,7.62E-13,1.000000275,8.05E-13,1.000000281,8.50E-13,1.000000286,8.96E-13,1.00000029,9.31E-13,1.000000295,9.76E-13,1.0000003,1.02E-12,1.000000307,1.07E-12,1.000000315,1.12E-12,1.000000317,1.16E-12,,,,,
1.000000413,8.60E-13,1.000000422,9.11E-13,1.000000431,9.63E-13,1.000000439,1.01E-12,1.000000446,1.07E-12,1.000000453,1.12E-12,1.000000462,1.18E-12,1.000000474,1.24E-12,1.000000486,1.30E-12,1.000000491,1.35E-12,,,,,
1.000000587,9.58E-13,1.0000006,1.02E-12,1.000000613,1.08E-12,1.000000625,1.15E-12,1.000000635,1.21E-12,1.000000646,1.27E-12,1.000000659,1.34E-12,1.000000676,1.41E-12,1.000000693,1.48E-12,1.000000703,1.55E-12,,,,,
1.000000791,1.06E-12,1.00000081,1.13E-12,1.000000827,1.20E-12,1.000000844,1.28E-12,1.000000857,1.35E-12,1.000000873,1.42E-12,1.000000891,1.50E-12,1.000000913,1.58E-12,1.000000938,1.67E-12,1.000000952,1.75E-12,,,,,
1.000001026,1.15E-12,1.00000105,1.24E-12,1.000001073,1.32E-12,1.000001095,1.40E-12,1.000001113,1.49E-12,1.000001133,1.57E-12,1.000001158,1.66E-12,1.000001187,1.76E-12,1.00000122,1.85E-12,1.00000124,1.95E-12,,,,,
1.000001291,1.25E-12,1.000001321,1.34E-12,1.000001352,1.44E-12,1.00000138,1.53E-12,1.000001402,1.63E-12,1.000001428,1.72E-12,1.000001459,1.83E-12,1.000001496,1.93E-12,1.000001538,2.04E-12,1.000001564,2.14E-12,,,,,
1.000001912,1.45E-12,1.000001958,1.56E-12,1.000001662,1.56E-12,1.000001697,1.66E-12,1.000001724,1.77E-12,1.000001756,1.87E-12,1.000001795,1.99E-12,1.000001841,2.10E-12,1.000001893,2.23E-12,1.000001927,2.34E-12,,,,,
1.000002653,1.64E-12,1.000002718,1.77E-12,1.000002377,1.79E-12,1.000002428,1.92E-12,1.000002468,2.04E-12,1.000002515,2.17E-12,1.000002571,2.31E-12,1.000002637,2.45E-12,1.000002285,2.41E-12,1.000002327,2.54E-12,,,,,
1.000003515,1.83E-12,1.000003602,1.99E-12,1.00000322,2.03E-12,1.00000329,2.18E-12,1.000003344,2.32E-12,1.000003408,2.47E-12,1.000003485,2.63E-12,1.000003575,2.79E-12,1.000003178,2.78E-12,1.000003239,2.93E-12,,,,,
1.000004497,2.03E-12,1.00000461,2.20E-12,1.000004189,2.26E-12,1.000004281,2.43E-12,1.000004352,2.60E-12,1.000004435,2.77E-12,1.000004537,2.95E-12,1.000004655,3.14E-12,1.000004217,3.15E-12,1.000004301,3.32E-12,,,,,
1.000005599,2.22E-12,1.00000574,2.41E-12,1.000005284,2.50E-12,1.000005401,2.69E-12,1.000005491,2.87E-12,1.000005597,3.07E-12,1.000005725,3.27E-12,1.000005875,3.48E-12,1.000005401,3.51E-12,1.000005512,3.71E-12,,,,,
1.000008158,2.60E-12,1.000008365,2.84E-12,1.000006505,2.73E-12,1.000006649,2.94E-12,1.000006761,3.14E-12,1.000006891,3.36E-12,1.00000705,3.58E-12,1.000007234,3.82E-12,1.000006729,3.88E-12,1.00000687,4.10E-12,,,,,
1.000011188,2.97E-12,1.000011473,3.24E-12,1.00000932,3.19E-12,1.000009528,3.44E-12,1.000009688,3.69E-12,1.000009876,3.94E-12,1.000010104,4.21E-12,1.000008733,4.15E-12,1.000008202,4.24E-12,1.000008375,4.49E-12,,,,,
1.000014682,3.34E-12,1.000015056,3.65E-12,1.000012628,3.63E-12,1.000012911,3.92E-12,1.000013128,4.21E-12,1.000013383,4.51E-12,1.000013694,4.82E-12,1.000012144,4.82E-12,1.000011573,4.96E-12,1.000011824,5.25E-12,,,,,
1.000018633,3.70E-12,1.000019108,4.05E-12,1.000016421,4.07E-12,1.000016791,4.40E-12,1.000017072,4.73E-12,1.000017405,5.07E-12,1.000017809,5.43E-12,1.000016098,5.46E-12,1.000015507,5.65E-12,1.000015847,6.00E-12,,,,,
1.000023033,4.06E-12,1.00002362,4.44E-12,1.000020692,4.51E-12,1.000021158,4.88E-12,1.000021512,5.24E-12,1.000021931,5.62E-12,1.00002244,6.01E-12,1.000020587,6.10E-12,1.000019993,6.36E-12,1.000020435,6.74E-12,,,,,
1.000027872,4.24E-12,1.000028582,4.83E-12,1.000025431,4.94E-12,1.000026003,5.35E-12,1.000026438,5.75E-12,1.000026951,6.16E-12,1.000027576,6.59E-12,1.000025599,6.73E-12,1.00002502,7.01E-12,1.000025577,7.43E-12,,,,,
1.000038829,5.10E-12,1.000039812,5.50E-12,1.000030628,5.18E-12,1.000031316,5.80E-12,1.000031837,6.24E-12,1.000032454,6.69E-12,1.000033205,7.15E-12,1.000031121,7.34E-12,1.000030576,7.67E-12,1.000031258,8.13E-12,,,,,
1.000050084,5.57E-12,1.000052705,6.10E-12,1.000042348,6.19E-12,1.000043294,6.60E-12,1.00004401,7.10E-12,1.000044857,7.62E-12,1.000045887,8.16E-12,1.000037142,7.70E-12,1.000036646,8.31E-12,1.000037464,8.81E-12,,,,,
1.000062581,6.03E-12,1.00006715,6.68E-12,1.000054339,6.75E-12,1.000056987,7.31E-12,1.00005792,7.87E-12,1.000059024,8.45E-12,1.000060367,9.05E-12,1.000050616,9.10E-12,1.000050267,9.44E-12,1.000051388,1.00E-11,,,,,
1.000076239,6.52E-12,1.000083028,7.25E-12,1.000067609,7.30E-12,1.000072272,7.99E-12,1.000073442,8.61E-12,1.000074826,9.24E-12,1.000076508,9.89E-12,1.000065891,9.97E-12,1.000065748,1.04E-11,1.000067206,1.11E-11,,,,,
1.000090967,6.97E-12,1.000100204,7.76E-12,1.000082065,7.89E-12,1.000089016,8.65E-12,1.000090436,9.32E-12,1.000092118,1.00E-11,1.00009416,1.07E-11,1.000082819,1.08E-11,1.000082935,1.14E-11,1.000084757,1.21E-11,,,,,
1.000106668,5.63E-12,1.000118537,8.21E-12,1.000097608,8.41E-12,1.000107071,9.24E-12,1.000108753,9.95E-12,1.000110743,1.07E-11,1.000113158,1.14E-11,1.000101238,1.16E-11,1.000101659,1.23E-11,1.000103862,1.30E-11,,,,,
1.00012324,7.51E-12,1.000137876,5.87E-12,1.00011413,6.95E-12,1.000126282,9.75E-12,1.00012823,1.05E-11,1.000130533,1.12E-11,1.000133328,1.20E-11,1.000120973,1.23E-11,1.000121735,1.30E-11,1.000124332,1.38E-11,,,,,
1.000140575,7.48E-12,1.000158064,8.57E-12,1.000149654,9.90E-12,1.000146482,7.20E-12,1.000148697,7.87E-12,1.000151314,8.54E-12,1.000154487,9.20E-12,1.000141838,9.59E-12,1.000142969,1.02E-11,1.000145962,1.08E-11,,,,,
1.000177089,7.49E-12,1.00017894,8.39E-12,1.000183795,9.17E-12,1.000189164,1.12E-11,1.000191892,9.66E-12,1.000195112,1.04E-11,1.000199007,1.11E-11,1.000186178,1.43E-11,1.000188093,1.51E-11,1.000191853,1.59E-11,,,,,
1.00021143,7.53E-12,1.000222097,8.00E-12,1.000219245,8.65E-12,1.000229007,9.76E-12,1.000232358,1.02E-11,1.000236062,1.10E-11,1.000240533,1.17E-11,1.000227964,1.27E-11,1.000230584,1.34E-11,1.000234962,1.42E-11,,,,,
1.000246479,7.47E-12,1.000261657,7.78E-12,1.000255286,8.91E-12,1.000269353,8.68E-12,1.000273259,9.59E-12,1.000277362,1.03E-11,1.000282304,1.10E-11,1.000270333,1.15E-11,1.000273605,1.21E-11,1.000278492,1.28E-11,,,,,
1.000281595,7.51E-12,1.00030097,7.52E-12,1.000291236,8.98E-12,1.000309274,8.91E-12,1.000313636,9.52E-12,1.000318038,1.02E-11,1.000323325,1.09E-11,1.000312211,1.16E-11,1.00031604,1.22E-11,1.000321301,1.29E-11,,,,,
1.000316188,7.44E-12,1.000339252,7.49E-12,1.000326479,8.83E-12,1.00034797,8.93E-12,1.000352675,9.52E-12,1.000357269,1.01E-11,1.000362771,1.08E-11,1.000352682,1.15E-11,1.000356948,1.21E-11,1.000362443,1.27E-11,,,,,
1.000349756,-2.06E-12,1.000375886,7.46E-12,1.000360504,-9.32E-13,1.000384836,8.78E-12,1.000389774,9.42E-12,1.000394464,1.01E-11,1.00040007,1.07E-11,1.000391071,1.13E-11,1.000395655,1.19E-11,1.000401263,1.25E-11,,,,,
1.000412428,2.35E-12,1.000410484,1.71E-13,1.000392945,7.35E-12,1.000419532,2.27E-12,1.00042462,3.48E-12,1.000429348,4.79E-12,1.000434994,6.31E-12,1.000427043,1.13E-11,1.000431856,1.19E-11,1.000437508,7.59E-12,,,,,
1.000463265,6.81E-12,1.000473609,6.00E-12,1.00042362,1.27E-11,1.000452065,8.36E-12,1.000457284,9.13E-12,1.000462051,9.92E-12,1.000467756,1.08E-11,1.000460697,1.34E-11,1.000465726,1.55E-11,1.000471451,1.26E-11,,,,,
1.000510703,1.17E-11,1.000526706,1.64E-11,1.000480171,9.57E-12,1.000482875,2.32E-11,1.000488301,2.54E-11,1.000493206,2.75E-11,1.000499114,3.00E-11,1.000524174,9.66E-12,1.000530013,1.00E-11,1.000504016,3.57E-11,,,,,
1.000557721,1.50E-11,1.000579638,1.71E-11,1.000533855,1.61E-11,1.000542878,2.00E-11,1.0005491,2.14E-11,1.000554605,2.24E-11,1.000561247,2.33E-11,1.000579969,2.03E-11,1.000586268,1.98E-11,1.000568733,2.60E-11,,,,,
1.000604739,1.86E-11,1.000632571,8.10E-12,1.000587467,1.63E-11,1.000602834,1.28E-11,1.000609885,1.21E-11,1.000616001,1.14E-11,1.000623381,1.06E-11,1.000635764,1.36E-11,1.000642523,1.38E-11,1.000626978,1.15E-11,,,,,
1.000698775,7.77E-12,1.000685504,2.13E-12,1.00064108,8.52E-12,1.000662791,8.70E-12,1.00067067,9.04E-12,1.000677396,9.47E-12,1.000685515,9.95E-12,1.000691558,1.05E-11,1.000698778,1.11E-11,1.000685223,1.17E-11,,,,,
1.000783408,-1.76E-12,1.000791369,7.35E-12,1.000694692,3.57E-12,1.000722747,8.81E-12,1.000731454,9.59E-12,1.000738792,1.03E-11,1.000747648,1.11E-11,1.000747353,1.12E-11,1.000755033,1.19E-11,1.000743469,1.31E-11,,,,,
1.000952673,7.20E-12,1.000897234,1.61E-11,1.000801917,8.05E-12,1.000782703,1.02E-11,1.000792239,1.08E-11,1.000800188,1.13E-11,1.000809782,1.18E-11,1.000803148,1.27E-11,1.000811288,1.21E-11,1.000801714,1.35E-11,,,,,
1.001121938,1.05E-11,1.001003099,8.55E-12,1.00089842,1.44E-11,1.000902615,9.23E-12,1.000913808,9.76E-12,1.00092298,1.03E-11,1.000934049,1.08E-11,1.000858943,1.25E-11,1.000867543,1.19E-11,1.000918205,1.26E-11,,,,,
1.001291203,3.28E-11,1.001108965,8.38E-13,1.001091424,8.28E-12,1.001010536,7.54E-12,1.00102322,8.23E-12,1.001033492,9.00E-12,1.00104589,9.85E-12,1.000970533,1.13E-11,1.000980053,1.20E-11,1.001023046,1.26E-11,,,,,
1.001629732,9.75E-11,1.001320695,7.00E-12,1.001284429,1.21E-11,1.001226378,9.07E-12,1.001242045,9.70E-12,1.00121392,1.28E-11,1.00115773,1.08E-11,1.001082122,1.07E-11,1.001092564,1.22E-11,1.001127888,1.27E-11,,,,,
1.002306792,3.50E-10,1.001744156,2.18E-11,1.001477434,4.16E-11,1.001442221,1.41E-11,1.001438987,1.41E-11,1.001373388,3.41E-11,1.001269571,1.18E-11,1.001305302,1.16E-11,1.001205074,1.22E-11,1.001232729,1.29E-11,,,,,
1.003660911,1.36E-09,1.002167618,1.65E-10,1.001863443,1.26E-10,1.001658063,5.09E-11,1.001635929,4.46E-11,1.001692323,2.06E-11,1.001493252,1.12E-11,1.001490227,1.18E-11,1.001317584,1.21E-11,1.001337571,1.29E-11,,,,,
1.006369149,5.37E-09,1.00301454,5.75E-10,1.002635462,4.55E-10,1.002089747,1.57E-10,1.002029813,1.33E-10,1.002011259,9.35E-11,1.001716933,1.64E-11,1.001675153,1.18E-11,1.001542604,1.23E-11,1.001442412,1.29E-11,,,,,
1.011785626,2.11E-08,1.004708384,2.15E-09,1.0041795,1.77E-09,1.002953116,5.68E-10,1.002817582,4.75E-10,1.00264913,3.26E-10,1.001940614,5.61E-11,1.001860078,1.19E-11,1.001767624,1.78E-11,1.001652095,1.30E-11,,,,,
1.022618578,1.01E-08,1.008096074,8.41E-09,1.007267575,6.98E-09,1.004679853,2.21E-09,1.004393118,1.85E-09,1.003924871,1.23E-09,1.002387976,1.70E-10,1.002229929,1.22E-11,1.001992644,5.81E-11,1.001861779,1.34E-11,,,,,
1.032368236,1.25E-08,1.014871452,3.29E-08,1.013443726,2.74E-08,1.008133328,8.73E-09,1.007544192,7.29E-09,1.006476355,4.81E-09,1.0032827,6.13E-10,1.002969631,3.46E-10,1.002442685,1.74E-10,1.002281145,1.35E-11,,,,,
1.041142928,2.14E-11,1.02164683,1.88E-08,1.021036273,5.73E-10,1.015040278,4.19E-09,1.013846339,2.86E-08,1.011579322,1.89E-08,1.005072148,2.39E-09,1.004449034,1.63E-09,1.003342765,6.22E-10,1.002700511,1.60E-10,,,,,
1.047885495,1.92E-09,1.028422209,5.73E-09,1.028628819,1.83E-09,1.021947227,1.44E-08,1.020148485,1.55E-08,1.021785256,1.21E-09,1.008651045,9.41E-09,1.007407841,6.50E-09,1.005142927,2.42E-09,1.003539243,5.74E-10,,,,,
1.053629232,5.15E-11,1.041972965,2.19E-08,1.036221365,1.60E-09,1.028854177,7.06E-11,1.026450632,7.95E-09,1.029787551,6.94E-09,1.015808838,4.52E-09,1.013325455,3.12E-09,1.00874325,9.53E-09,1.005216708,2.14E-09,,,,,
1.058355298,6.32E-11,1.050430363,5.09E-11,1.043813911,2.17E-09,1.035761127,6.82E-09,1.039054926,1.97E-08,1.036989616,-5.74E-12,1.022966631,2.64E-09,1.019243069,9.46E-09,1.015943895,4.58E-09,1.008571638,8.33E-09,,,,,
1.062584264,7.55E-11,1.058887761,5.91E-08,1.051406457,5.54E-11,1.043834516,3.31E-11,1.05039879,5.88E-11,1.042517885,4.81E-11,1.029408645,8.59E-11,1.025160682,4.68E-09,1.023144541,4.35E-09,1.015281497,4.01E-09,,,,,
1.066390334,8.86E-11,1.06442455,1.03E-10,1.058999003,6.65E-11,1.051907905,4.13E-08,1.059606872,9.24E-11,1.047419645,5.77E-11,1.035206457,7.67E-11,1.031078296,9.63E-09,1.029625122,3.35E-11,1.021320371,2.64E-09,,,,,
1.069815798,1.02E-10,1.069961338,1.12E-10,1.066591549,8.48E-11,1.057670747,8.95E-11,1.068814955,8.45E-11,1.051657281,7.03E-11,1.040200092,4.84E-11,1.038708068,9.13E-09,1.034948594,3.70E-11,1.027359244,6.59E-09,,,,,
1.072898714,1.16E-10,1.075498127,1.42E-10,1.074184096,1.47E-10,1.063433589,-3.05E-09,1.076856735,1.83E-10,1.055471153,8.21E-11,1.044549267,5.69E-11,1.04633784,1.17E-08,1.039657345,3.86E-10,1.032617175,3.61E-11,,,,,
1.075981631,1.31E-10,1.081034916,1.72E-10,1.081776642,1.99E-10,1.069196431,1.27E-10,1.084094337,9.39E-08,1.058903638,9.48E-11,1.048463216,6.57E-11,1.053967612,9.16E-11,1.043787831,6.06E-11,1.036919038,4.76E-11,,,,,
1.078756256,1.47E-10,1.086571704,2.25E-10,1.088609933,2.63E-10,1.074959273,1.56E-10,1.088957728,3.47E-10,1.061992875,1.07E-10,1.05198577,7.61E-11,1.060834406,3.65E-08,1.04750527,7.07E-11,1.040790715,5.68E-11,,,,,
1.081530881,1.64E-10,1.092108493,2.81E-10,1.095443225,3.45E-10,1.080722115,1.98E-10,1.093266105,3.55E-10,1.065082112,1.21E-10,1.055156068,8.68E-11,1.066225585,1.53E-10,1.050850964,8.13E-11,1.044275224,6.56E-11,,,,,
1.084305506,1.83E-10,1.097645282,3.91E-08,1.102276516,8.80E-08,1.086484956,2.57E-10,1.097574482,4.34E-10,1.067862425,1.36E-10,1.058326367,9.84E-11,1.071077645,-7.76E-10,1.053862089,9.21E-11,1.047411282,7.48E-11,,,,,
1.089854757,1.58E-08,1.10318207,4.52E-10,1.106443366,5.94E-10,1.092247798,3.27E-10,1.101882859,1.54E-08,1.070642738,1.52E-10,1.061179636,1.11E-10,1.075929706,2.18E-10,1.056873213,1.04E-10,1.05054734,8.47E-11,,,,,
1.095404007,3.00E-10,1.10794886,-1.68E-08,1.11019353,6.09E-10,1.09801064,4.69E-08,1.106191237,6.22E-10,1.073423051,1.70E-10,1.064032904,1.24E-10,1.080781767,2.64E-10,1.059583226,1.16E-10,1.053369792,9.53E-11,,,,,
1.100398332,1.25E-08,1.114098759,6.03E-10,1.113943695,7.25E-10,1.103773482,5.38E-10,1.110499614,-2.18E-10,1.078983676,1.27E-08,1.066600846,1.38E-10,1.085633827,3.22E-10,1.062293238,1.29E-10,1.056192245,1.07E-10,,,,,
1.105567697,4.47E-10,1.120248659,8.56E-10,1.117693859,1.31E-08,1.108441189,-2.31E-08,1.115976519,8.44E-10,1.084544302,2.79E-10,1.069168788,1.53E-10,1.090485888,3.90E-10,1.065003251,1.44E-10,1.059014697,1.19E-10,,,,,
1.110737063,1.10E-08,1.125783568,1.07E-09,1.122608647,1.03E-09,1.117776603,1.10E-07,1.121453423,1.11E-09,1.089548866,1.13E-08,1.07173673,1.69E-10,1.095337948,2.38E-08,1.070423275,1.23E-08,1.064659601,1.20E-08,,,,,
1.115906428,6.71E-10,1.131318478,1.33E-09,1.127523435,9.50E-09,1.122255263,1.19E-09,1.126930328,1.38E-09,1.094693694,4.16E-10,1.076872614,1.20E-08,1.100190009,5.89E-10,1.0758433,2.34E-10,1.070304506,1.97E-10,,,,,
1.121075794,2.27E-08,1.136853388,1.65E-09,1.132857702,1.53E-09,1.126286057,-8.80E-08,1.132407233,1.72E-09,1.099838523,8.60E-09,1.082008497,2.68E-10,1.104556864,-7.56E-09,1.080721322,7.46E-09,1.07538492,8.41E-09,,,,,
1.126245159,1.02E-09,1.142388297,2.06E-09,1.138191968,1.88E-09,1.134347646,-8.20E-08,1.137884137,2.13E-09,1.104983352,6.23E-10,1.086630793,6.45E-09,1.110344554,8.08E-10,1.085892637,3.46E-10,1.080558209,2.95E-10,,,,,
1.131414525,1.80E-08,1.147923207,2.56E-09,1.143526235,2.32E-09,1.142409235,3.00E-07,1.143361042,2.65E-09,1.11012818,1.99E-08,1.091794076,3.91E-10,1.116132244,1.07E-09,1.091063951,1.93E-08,1.085731497,7.88E-09,,,,,
1.136581299,1.52E-09,1.153458117,3.19E-09,1.148860501,2.87E-09,1.146223745,3.40E-09,1.148837947,3.29E-09,1.115273009,9.44E-10,1.096957359,2.35E-08,1.121919935,1.35E-09,1.095972276,5.23E-10,1.090904786,4.43E-10,,,,,
1.141748074,1.82E-09,1.158993026,3.97E-09,1.154194767,3.55E-09,1.149656805,3.04E-09,1.154314851,9.41E-08,1.120417838,1.39E-08,1.10180995,5.94E-10,1.127707625,1.70E-09,1.100880601,6.74E-10,1.096078074,1.52E-08,,,,,
1.146914849,2.27E-09,1.164527936,1.17E-07,1.159529034,9.42E-08,1.153089864,3.46E-09,1.159791756,5.27E-09,1.125587595,1.41E-09,1.106177282,-2.21E-09,1.133495315,2.13E-09,1.106275335,7.66E-10,1.101251362,6.72E-10,,,,,
1.152081624,2.78E-09,1.170062846,6.39E-09,1.1648633,5.60E-09,1.155672223,3.89E-09,1.164385139,6.05E-09,1.130757353,1.69E-09,1.111619489,8.01E-10,1.139283006,2.68E-09,1.111670069,9.49E-10,1.106424651,1.29E-08,,,,,
1.157248399,3.41E-09,1.174636359,-5.00E-08,1.169457185,-3.66E-08,1.157996347,4.29E-09,1.168978522,7.32E-09,1.13592711,2.10E-09,1.117061697,1.06E-09,1.145070696,3.37E-09,1.117064804,1.18E-09,1.111555914,1.01E-09,,,,,
1.162415174,4.19E-09,1.183783386,2.92E-07,1.175568959,1.05E-07,1.16032047,4.70E-09,1.173571905,8.73E-09,1.141096867,2.58E-09,1.122503905,1.31E-09,1.150858386,4.24E-09,1.122459538,1.45E-09,1.116687178,1.39E-08,,,,,
1.167581949,9.48E-08,1.188234952,1.39E-08,1.180221317,1.04E-08,1.162644593,5.15E-09,1.178165288,1.05E-08,1.146266625,3.16E-09,1.127946113,1.62E-09,1.156646077,1.22E-07,1.127854272,1.80E-09,1.121818441,1.51E-09,,,,,
1.172748724,6.51E-09,1.192241362,-2.12E-07,1.18440844,-9.16E-09,1.16729284,3.53E-08,1.182758672,7.99E-08,1.151436382,3.88E-09,1.13338832,2.01E-09,1.160736175,6.72E-09,1.133249007,2.23E-09,1.126949705,2.34E-08,,,,,
1.177378562,-3.24E-08,1.200254181,-1.76E-07,1.188595562,1.38E-08,1.171941087,7.80E-09,1.187352055,1.55E-08,1.15660614,8.09E-08,1.138830528,2.50E-09,1.164826273,7.32E-09,1.138643741,2.76E-09,1.132080968,2.27E-09,,,,,
1.18338441,9.29E-09,1.208266999,8.48E-07,1.192782684,1.64E-08,1.176589334,3.83E-08,1.191945438,4.74E-09,1.161775897,6.04E-09,1.144272736,3.10E-09,1.168916371,8.72E-09,1.144038475,7.93E-08,1.137212232,2.31E-08,,,,,
1.189390258,1.22E-08,1.212061206,3.97E-08,1.196969807,6.86E-08,1.181697093,1.14E-08,1.19749092,2.22E-08,1.166409642,-2.69E-08,1.149714944,8.61E-08,1.173006469,4.72E-08,1.14943321,4.39E-09,1.142313186,3.40E-09,,,,,
1.194795521,1.51E-08,1.215475992,3.55E-08,1.201944071,2.38E-08,1.186804852,5.05E-08,1.203036403,2.81E-08,1.172373497,8.64E-09,1.155157151,4.94E-09,1.177096568,1.23E-08,1.154011104,-3.43E-08,1.14741414,2.24E-08,,,,,
1.200200784,1.87E-08,1.217772944,3.94E-08,1.206918335,5.79E-08,1.19191261,1.71E-08,1.208581885,3.49E-08,1.178337351,1.12E-08,1.159752927,5.69E-09,1.181186666,1.18E-08,1.160280531,6.30E-09,1.152515094,5.08E-09,,,,,
1.205606047,2.31E-08,1.220069897,4.32E-08,1.212231949,3.54E-08,1.197020369,8.08E-08,1.214127368,4.35E-08,1.18370482,1.39E-08,1.164348702,6.88E-09,1.186601372,1.73E-08,1.166549959,8.32E-09,1.157616049,4.15E-08,,,,,
1.21101131,2.86E-08,1.222366849,4.73E-08,1.217545564,4.34E-08,1.202128128,2.57E-08,1.21967285,5.42E-08,1.189072289,1.72E-08,1.168944478,8.20E-09,1.192016078,2.17E-08,1.172129488,1.04E-08,1.162717003,7.65E-09,,,,,
1.216416574,3.54E-08,1.226960754,1.13E-07,1.222859178,5.36E-08,1.207235887,9.04E-08,1.225218333,6.75E-08,1.194439758,2.13E-08,1.173540253,9.90E-09,1.197430784,2.68E-08,1.177709018,1.29E-08,1.167817957,3.85E-08,,,,,
1.221821837,4.39E-08,1.231554659,7.10E-08,1.228172792,6.62E-08,1.212343859,3.85E-08,1.230763815,8.40E-08,1.199807227,2.63E-08,1.178136029,7.47E-08,1.202845489,3.32E-08,1.183288547,1.61E-08,1.172940106,1.14E-08,,,,,
1.2272271,5.44E-08,1.236148564,1.62E-07,1.233486407,8.17E-08,1.217451831,9.83E-08,1.236309298,4.21E-07,1.205174696,3.25E-08,1.182731804,1.46E-08,1.208260195,4.12E-08,1.188868076,2.01E-08,1.178062255,4.59E-08,,,,,
1.232632363,3.55E-07,1.241251608,1.04E-07,1.238800021,1.01E-07,1.222559804,5.75E-08,1.24185478,1.35E-07,1.210542165,4.02E-08,1.18732758,4.55E-09,1.213674901,5.10E-08,1.194447606,2.51E-08,1.183184404,1.71E-08,,,,,
1.238037626,8.64E-08,1.246354651,2.08E-07,1.244113636,1.24E-07,1.227667776,1.72E-07,1.24646325,1.56E-07,1.215909634,4.97E-08,1.192864761,2.09E-08,1.219089607,6.32E-08,1.200027135,2.22E-07,1.188306553,7.42E-08,,,,,
1.242618121,-4.44E-08,1.251457695,1.55E-07,1.24942725,5.04E-07,1.232775748,8.66E-08,1.251071719,1.88E-07,1.221277103,2.99E-07,1.198401943,2.64E-08,1.224504313,3.27E-07,1.205606665,4.06E-08,1.193428702,2.58E-08,,,,,
1.248938264,1.25E-07,1.256560738,3.43E-07,1.254740864,1.96E-07,1.23788372,1.88E-07,1.255680189,2.25E-07,1.226644572,7.88E-08,1.203939124,3.28E-08,1.229919019,1.00E-07,1.210198137,4.66E-08,1.198550851,8.31E-08,,,,,
1.255258407,1.64E-07,1.261663782,2.34E-07,1.259332616,5.63E-08,1.243028466,1.29E-07,1.260288658,2.71E-07,1.231230448,-2.76E-08,1.209476306,4.08E-08,1.234525358,7.13E-08,1.21478961,5.63E-08,1.203649367,3.85E-08,,,,,
1.260877196,2.05E-07,1.266766825,4.16E-07,1.265559811,2.84E-07,1.248173211,1.56E-07,1.264897128,5.54E-07,1.237476132,1.14E-07,1.215013488,5.08E-08,1.239131696,1.39E-07,1.219381082,6.75E-08,1.208747884,9.18E-08,,,,,
1.266495985,2.56E-07,1.271914495,3.49E-07,1.271787006,3.70E-07,1.253317956,1.92E-07,1.269505597,3.98E-07,1.243721817,1.49E-07,1.220550669,6.33E-08,1.243738034,1.68E-07,1.223972555,8.10E-08,1.2138464,5.74E-08,,,,,
1.272114775,3.20E-07,1.277062166,5.65E-07,1.277391481,4.62E-07,1.258462701,2.35E-07,1.274114067,4.35E-07,1.249342702,1.86E-07,1.226087851,7.88E-08,1.248344373,3.49E-07,1.228564027,2.30E-07,1.218944917,1.59E-07,,,,,
1.277733564,3.99E-07,1.282209836,5.23E-07,1.282995956,5.76E-07,1.263607447,2.88E-07,1.279648488,5.76E-07,1.254963588,2.32E-07,1.231625032,3.92E-07,1.252950711,2.46E-07,1.233155499,1.19E-07,1.224043433,8.65E-08,,,,,
1.283352353,4.99E-07,1.287357506,8.78E-07,1.288600432,7.18E-07,1.268752192,3.53E-07,1.285182908,7.20E-07,1.260584473,2.90E-07,1.237162214,1.27E-07,1.25755705,3.08E-07,1.237746972,1.17E-07,1.229141949,1.77E-07,,,,,
1.288971142,1.35E-06,1.292505176,7.89E-07,1.294204907,8.95E-07,1.273896937,8.61E-07,1.290717329,8.94E-07,1.266205358,3.62E-07,1.241773946,9.53E-08,1.262904623,3.57E-07,1.243271945,1.72E-07,1.234273055,1.29E-07,,,,,
1.294589931,8.05E-07,1.297652846,1.19E-06,1.299809382,1.12E-06,1.279041682,5.46E-07,1.29625175,1.11E-06,1.271826244,4.52E-07,1.246385679,1.75E-07,1.268252196,4.40E-07,1.248796918,2.15E-07,1.239404161,1.56E-07,,,,,
1.299202173,9.28E-07,1.302797302,1.18E-06,1.305413858,2.30E-06,1.283671953,4.76E-07,1.301786171,1.38E-06,1.277447129,1.17E-06,1.250997411,2.12E-07,1.273599769,5.43E-07,1.254321891,2.67E-07,1.244535267,1.91E-07,,,,,
1.303814415,1.12E-06,1.307941758,1.64E-06,1.311018333,1.80E-06,1.289588214,7.91E-07,1.307320592,1.72E-06,1.283068014,7.30E-07,1.255609144,4.19E-07,1.278947342,6.71E-07,1.259846863,3.33E-07,1.249666373,2.34E-07,,,,,
1.308426657,1.34E-06,1.313086214,1.76E-06,1.315670606,1.95E-06,1.295504475,1.01E-06,1.312855013,2.13E-06,1.287696055,7.47E-07,1.260220876,3.10E-07,1.284294915,8.28E-07,1.265371836,4.14E-07,1.254797479,2.87E-07,,,,,
1.3130389,1.61E-06,1.318230671,2.54E-06,1.321304044,2.58E-06,1.30082911,1.25E-06,1.318389433,2.65E-06,1.292324096,1.01E-06,1.264832609,3.87E-07,1.289642488,1.02E-06,1.270896809,5.14E-07,1.259928585,3.51E-07,,,,,
1.317651142,2.42E-06,1.323375127,2.65E-06,1.326937482,3.23E-06,1.306153745,1.54E-06,1.323923854,4.44E-06,1.296952137,1.22E-06,1.270182591,4.50E-07,1.294990061,1.26E-06,1.276421782,6.39E-07,1.265059691,8.01E-07,,,,,
1.322263384,2.36E-06,1.328519583,3.55E-06,1.33257092,4.03E-06,1.31147838,1.89E-06,1.329458275,4.22E-06,1.301580178,1.46E-06,1.275532574,5.55E-07,1.300337635,2.29E-06,1.281946755,7.94E-07,1.270190797,5.43E-07,,,,,
1.326875626,2.75E-06,1.333710446,3.95E-06,1.338204357,5.01E-06,1.316803015,2.33E-06,1.334135084,4.76E-06,1.306208219,2.16E-06,1.280882556,6.85E-07,1.305685208,1.98E-06,1.287471728,1.68E-06,1.274808793,4.97E-07,,,,,
1.332419672,3.42E-06,1.338901309,4.78E-06,1.343837795,6.24E-06,1.32212765,2.87E-06,1.339830906,6.07E-06,1.31083626,2.14E-06,1.286232538,8.46E-07,1.310352244,2.04E-06,1.292996701,1.27E-06,1.280686318,7.85E-07,,,,,
1.337963719,4.25E-06,1.344092172,5.86E-06,1.349471233,7.76E-06,1.327452284,3.54E-06,1.345526727,7.60E-06,1.3154643,2.52E-06,1.291582521,1.04E-06,1.316387406,2.87E-06,1.297614084,1.36E-06,1.286563843,1.00E-06,,,,,
1.343507765,5.28E-06,1.349283035,7.17E-06,1.355104671,9.65E-06,1.332776919,4.35E-06,1.351222549,9.47E-06,1.320967098,3.11E-06,1.296932503,1.29E-06,1.322422568,3.68E-06,1.303231776,1.82E-06,1.292441368,1.26E-06,,,,,
1.349051811,6.55E-06,1.354473898,8.76E-06,1.360738108,1.20E-05,1.338101554,6.58E-06,1.35691837,1.18E-05,1.326469895,3.86E-06,1.302282486,1.59E-06,1.327854214,4.55E-06,1.308849468,2.28E-06,1.298318892,1.58E-06,,,,,
1.354595857,8.12E-06,1.359664761,1.07E-05,1.366371546,1.69E-05,1.343426189,6.78E-06,1.362614192,1.47E-05,1.331972692,4.78E-06,1.307632468,2.78E-06,1.333285859,5.62E-06,1.31446716,2.84E-06,1.304196417,1.99E-06,,,,,
1.360139903,1.01E-05,1.364855625,1.46E-05,1.372004984,1.90E-05,1.348177449,7.67E-06,1.368310013,1.82E-05,1.337475489,5.92E-06,1.312982451,2.49E-06,1.338717505,6.93E-06,1.320084853,3.53E-06,1.310073942,2.51E-06,,,,,
1.365683949,1.25E-05,1.370046488,1.63E-05,1.376858925,2.22E-05,1.354101453,9.86E-06,1.374005835,2.26E-05,1.342978286,7.32E-06,1.317660723,2.63E-06,1.344149151,8.54E-06,1.325702545,4.40E-06,1.315951467,3.16E-06,,,,,
1.371227995,1.54E-05,1.374718264,1.91E-05,1.382706238,2.76E-05,1.360025456,1.25E-05,1.379701656,2.80E-05,1.348481083,9.05E-06,1.323680734,3.62E-06,1.349580797,1.05E-05,1.331320237,5.47E-06,1.321828992,3.97E-06,,,,,
1.376772041,2.13E-05,1.38046581,2.36E-05,1.388553551,3.44E-05,1.365949459,1.56E-05,1.385397478,3.47E-05,1.35398388,1.12E-05,1.329700744,4.62E-06,1.355012443,1.30E-05,1.336937929,6.80E-06,1.327706517,4.98E-06,,,,,
1.382316087,2.41E-05,1.386213355,2.94E-05,1.394400863,4.28E-05,1.371873463,1.96E-05,1.391093299,4.56E-05,1.359486678,1.55E-05,1.335118754,5.72E-06,1.360444089,1.59E-05,1.342555622,8.44E-06,1.333584042,7.87E-06,,,,,
1.387198684,2.84E-05,1.3919609,3.64E-05,1.400248176,5.31E-05,1.377797466,2.45E-05,1.396789121,5.40E-05,1.364989475,1.75E-05,1.340536764,7.05E-06,1.365875734,2.13E-05,1.348173314,1.21E-05,1.339461567,8.14E-06,,,,,
1.393077847,3.52E-05,1.397708446,4.52E-05,1.406095489,6.57E-05,1.383721469,3.06E-05,1.401887597,6.42E-05,1.369885219,2.05E-05,1.345954774,8.69E-06,1.37130738,2.46E-05,1.353791006,1.34E-05,1.344172692,9.29E-06,,,,,
1.398957011,4.38E-05,1.403455991,5.58E-05,1.411942802,8.13E-05,1.389645473,3.82E-05,1.407924418,7.92E-05,1.375711996,2.55E-05,1.351372783,1.07E-05,1.376195862,2.91E-05,1.35863186,1.56E-05,1.349974421,1.17E-05,,,,,
1.404836175,5.45E-05,1.409203536,6.89E-05,1.417790115,1.00E-04,1.395569476,4.76E-05,1.41396124,9.81E-05,1.381538773,3.17E-05,1.356790793,1.32E-05,1.381971343,3.58E-05,1.364426093,1.94E-05,1.35577615,1.47E-05,,,,,
1.410715339,6.77E-05,1.414951081,8.48E-05,1.423637428,1.23E-04,1.40149348,5.91E-05,1.419998062,1.21E-04,1.38736555,3.94E-05,1.362208803,1.62E-05,1.387746823,4.43E-05,1.370220327,2.42E-05,1.361577878,1.83E-05,,,,,
1.416594502,8.38E-05,1.420698627,1.04E-04,1.429484741,1.51E-04,1.407417483,7.69E-05,1.426034883,1.50E-04,1.393192328,4.89E-05,1.367626813,1.99E-05,1.393522304,5.47E-05,1.37601456,3.00E-05,1.367379607,2.28E-05,,,,,
1.422473666,1.03E-04,1.426446172,1.28E-04,1.435332054,1.85E-04,1.413341486,9.25E-05,1.432071705,1.84E-04,1.399019105,6.05E-05,1.373044822,2.62E-05,1.399297785,6.74E-05,1.381808794,3.73E-05,1.373181336,2.83E-05,,,,,
1.42835283,1.27E-04,1.432193717,1.60E-04,1.441179367,2.29E-04,1.418621121,1.11E-04,1.438108527,2.25E-04,1.404845882,7.47E-05,1.378462832,3.06E-05,1.405073266,8.29E-05,1.387603027,4.61E-05,1.378983065,3.51E-05,,,,,
1.434231994,1.57E-04,1.437941263,1.92E-04,1.44702668,2.76E-04,1.424805893,1.36E-04,1.444145348,2.75E-04,1.410672659,9.20E-05,1.383339041,3.62E-05,1.410848747,1.02E-04,1.393397261,5.70E-05,1.384784794,4.35E-05,,,,,
1.440111157,1.92E-04,1.443114053,2.28E-04,1.452289261,3.26E-04,1.430990666,1.68E-04,1.45018217,3.34E-04,1.416499436,1.13E-04,1.389112109,4.44E-05,1.416624228,1.25E-04,1.399191494,7.02E-05,1.390586523,5.37E-05,,,,,
1.445990321,2.34E-04,1.449353436,2.79E-04,1.45869275,3.98E-04,1.437175439,2.07E-04,1.456218992,4.04E-04,1.422326214,1.42E-04,1.394885176,5.48E-05,1.422399709,1.52E-04,1.404985728,8.64E-05,1.396388251,6.63E-05,,,,,
1.451869485,2.88E-04,1.455592818,3.41E-04,1.46509624,4.85E-04,1.443360212,2.55E-04,1.462255813,4.89E-04,1.428152991,1.71E-04,1.400658244,6.75E-05,1.42817519,1.88E-04,1.410779961,1.09E-04,1.40218998,8.16E-05,,,,,
1.457748648,3.47E-04,1.4618322,4.15E-04,1.471499729,5.87E-04,1.449544985,3.12E-04,1.468292635,5.85E-04,1.43339709,2.04E-04,1.406431312,8.31E-05,1.433950671,2.26E-04,1.416574195,1.31E-04,1.407991709,1.03E-04,,,,,
1.463039896,4.10E-04,1.468071583,5.04E-04,1.477903218,7.08E-04,1.455729758,3.80E-04,1.474329457,6.99E-04,1.439373319,2.47E-04,1.412204379,1.02E-04,1.439726152,2.73E-04,1.421789005,1.57E-04,1.413793438,1.24E-04,,,,,
1.469553948,5.00E-04,1.474310965,6.08E-04,1.484306707,8.49E-04,1.46191453,4.60E-04,1.480922847,8.40E-04,1.445349549,2.99E-04,1.417977447,1.25E-04,1.445780749,3.30E-04,1.427786662,1.91E-04,1.419014994,1.48E-04,,,,,
1.476068,6.08E-04,1.480550347,7.30E-04,1.490710197,0.001012276,1.468099303,5.55E-04,1.487516237,0.001003427,1.451325778,3.62E-04,1.423750514,1.52E-04,1.451835346,3.97E-04,1.43378432,2.32E-04,1.425318599,1.82E-04,,,,,
1.482582051,7.35E-04,1.486789729,8.71E-04,1.497113686,0.001199136,1.474284076,6.66E-04,1.494109626,0.001192482,1.457302007,4.35E-04,1.429523582,1.85E-04,1.457889944,4.77E-04,1.439781978,2.81E-04,1.431622204,2.24E-04,,,,,
1.489096103,8.84E-04,1.493029112,0.001032884,1.503517175,0.001411432,1.480468849,7.98E-04,1.500703016,0.001408671,1.463278237,5.22E-04,1.43529665,2.28E-04,1.463944541,5.71E-04,1.445779635,3.40E-04,1.43792581,2.74E-04,,,,,
1.495610155,0.001056582,1.499268494,0.001217979,1.509920664,0.001650478,1.486653622,9.47E-04,1.507296406,0.001653506,1.469254466,6.22E-04,1.441069717,2.74E-04,1.469999138,6.80E-04,1.451777293,4.10E-04,1.444229415,3.35E-04,,,,,
1.502124207,0.001254106,1.505507876,0.001429048,1.516324154,0.001918384,1.492838395,0.001118164,1.513889796,0.001930055,1.475230695,7.39E-04,1.446842785,3.30E-04,1.476053735,8.06E-04,1.45777495,4.91E-04,1.45053302,4.07E-04,,,,,
1.508638259,0.001478203,1.511747259,0.001663714,1.522727643,0.00221318,1.500069306,0.001344877,1.520483186,0.00223537,1.481206925,8.73E-04,1.452944612,3.98E-04,1.482108332,9.51E-04,1.463772608,5.86E-04,1.456836626,4.92E-04,,,,,
1.515152311,0.001729834,1.517986641,0.001925287,1.529131132,0.002536385,1.507300218,0.001605149,1.527076576,0.002572289,1.487183154,0.001028447,1.459046438,4.78E-04,1.488162929,0.001118121,1.469770266,6.97E-04,1.463140231,5.93E-04,,,,,
1.521666363,0.002010521,1.526771962,0.002334903,1.541938111,0.003256135,1.514531129,0.001901101,1.540263355,0.003329319,1.493159383,0.001202176,1.465148265,5.72E-04,1.494217526,0.0013048,1.475767923,8.26E-04,1.469443836,7.10E-04,,,,,
1.528180414,0.002317597,1.535557284,0.00279764,1.553195288,0.003967227,1.521762041,0.002233623,1.551233319,0.004042013,1.499135613,0.001399057,1.471250092,6.83E-04,1.500272124,0.00151568,1.481765581,9.71E-04,1.475747441,8.45E-04,,,,,
1.534694466,0.002651448,1.546559837,0.003434927,1.569323484,0.005048129,1.528992952,0.002604519,1.562203282,0.004811711,1.50682243,0.001683982,1.477351919,8.11E-04,1.508151121,0.001824418,1.487763239,0.001137041,1.482051047,0.001000731,,,,,
1.54772257,0.003382607,1.55756239,0.004124092,1.58545168,0.006109132,1.536223864,0.003008901,1.573173245,0.005612549,1.514509248,0.002009439,1.483453745,9.58E-04,1.516030119,0.00217675,1.495073711,0.001366195,1.488354652,0.001178648,,,,,
1.559447863,0.004098773,1.568564943,0.00483748,1.601579875,0.00699653,1.543454775,0.003446775,1.595113172,0.007150047,1.522196065,0.002377169,1.489555572,0.001125597,1.523909117,0.002574515,1.502384183,0.001629501,1.494658257,0.001382043,,,,,
1.575171531,0.005065472,1.583123148,0.005751296,1.617708071,0.007530151,1.557916598,0.004397809,1.613759726,0.008138536,1.529882883,0.002787454,1.495657399,0.001317577,1.531788115,0.003018121,1.509694656,0.001929537,1.500961863,0.001609428,,,,,
1.590895198,0.005922547,1.597681352,0.006523303,1.632223447,0.007563623,1.570932239,0.005309638,1.630541626,0.008523809,1.537569701,0.003239237,1.501759226,0.001531377,1.539667113,0.003506627,1.517005128,0.002268029,1.507265468,0.001864612,,,,,
1.606618866,0.006510258,1.612239556,0.007021311,1.645287285,0.007164637,1.586942134,0.006410454,1.645645335,0.008305148,1.545256518,0.003730125,1.507861052,0.00177111,1.547546111,0.004037714,1.5243156,0.002646038,1.515614829,0.002243939,,,,,
1.620770166,0.006673491,1.62534194,0.007128275,1.658351124,0.006373585,1.602952029,0.007347785,1.659238673,0.007602703,1.552943336,0.004255666,1.516136248,0.002135263,1.555425108,0.004606989,1.531626073,0.003063897,1.52396419,0.002677229,,,,,
1.633506337,0.006451888,1.638444324,0.006851829,1.671414962,0.00527802,1.618961925,0.007944008,1.672832011,0.006481537,1.568316971,0.005386832,1.524411443,0.002548667,1.571183104,0.005829322,1.538936545,0.003521087,1.533351663,0.003224041,,,,,
1.646242508,0.005876303,1.651546708,0.006188668,1.684478801,0.004033022,1.63337083,0.008041672,1.68642535,0.005090292,1.583690606,0.006555711,1.532686638,0.003011931,1.5869411,0.00710001,1.546247017,0.004015989,1.542739137,0.003839128,,,,,
1.658978678,0.005004197,1.664649092,0.00520762,1.697542639,0.002828568,1.647779736,0.007640439,1.700018688,0.003645312,1.599064241,0.007637327,1.540961833,0.003523571,1.602683866,0.008294034,1.553557489,0.00454574,1.553932282,0.004648684,,,,,
1.671714849,0.003954933,1.677751476,0.004047957,1.710606478,0.001833026,1.660747751,0.006844833,1.713612026,0.002371911,1.614437877,0.008487062,1.549237028,0.004080284,1.618426633,0.009252478,1.568178434,0.005688484,1.565125428,0.005534172,,,,,
1.684451019,0.002887396,1.69085386,0.002890648,1.723670316,0.001142025,1.673715766,0.005722414,1.727205364,0.001431025,1.629811512,0.008939981,1.557512224,0.004675871,1.6341694,0.009791255,1.582799379,0.006900749,1.587511719,0.007426054,,,,,
1.69718719,0.001956646,1.703956244,0.001907043,1.735371593,7.91E-04,1.686683781,0.00442438,1.739439369,9.18E-04,1.643647783,0.008879742,1.565787419,0.005301564,1.649912167,0.009740062,1.600908096,0.00836347,1.607621517,0.009062266,,,,,
1.709923361,0.001266862,1.717058628,0.001201904,1.745902742,6.42E-04,1.699651796,0.003142237,1.750449973,6.87E-04,1.657484055,0.008315875,1.582337809,0.006595911,1.664080657,0.009096602,1.619016813,0.009571593,1.627731315,0.010301982,,,,,
1.721385914,8.82E-04,1.728850773,8.28E-04,1.756433891,5.81E-04,1.712619812,0.002055365,1.761460577,5.89E-04,1.671320327,0.007270573,1.5988882,0.00782862,1.678249147,0.007912896,1.637125531,0.010247872,1.645830133,0.010747254,,,,,
1.731702212,6.97E-04,1.739463704,6.62E-04,1.766965041,5.59E-04,1.725587827,0.001275902,1.772471181,5.58E-04,1.685156599,0.005866698,1.61543859,0.008822529,1.691000788,0.006492542,1.653423376,0.010171589,1.662119069,0.010381014,,,,,
1.742018511,6.08E-04,1.750076635,5.89E-04,1.77749619,5.51E-04,1.73725904,8.60E-04,1.783481785,5.51E-04,1.69899287,0.004316547,1.631988981,0.009369677,1.703752429,0.004926674,1.668091437,0.009440283,1.676779112,0.009361405,,,,,
1.752334809,5.70E-04,1.760689566,5.62E-04,1.788027339,5.20E-04,1.747763133,6.72E-04,1.794492389,5.46E-04,1.712829142,0.002871943,1.646884332,0.009313558,1.71650407,0.003431996,1.682759498,0.008116806,1.68997315,0.007949095,,,,,
1.762651107,5.55E-04,1.771302497,5.51E-04,1.809089637,5.16E-04,1.758267225,5.91E-04,1.816513597,5.44E-04,1.726665414,0.001739257,1.661779683,0.008657104,1.729255711,0.002195543,1.695960753,0.006549665,1.703167189,0.006245385,,,,,
1.772967405,5.45E-04,1.781915428,5.43E-04,1.830151936,5.09E-04,1.768771317,5.63E-04,1.838534805,5.21E-04,1.740501685,0.001013834,1.6751855,0.00756683,1.742007352,0.001325368,1.709162008,0.004851738,1.716361227,0.004488542,,,,,
1.793600002,5.25E-04,1.80314129,5.22E-04,1.851214234,4.35E-04,1.779275409,5.53E-04,1.860556013,5.11E-04,1.752175988,7.11E-04,1.688591316,0.006131671,1.753483828,8.70E-04,1.722363263,0.00326955,1.729555265,0.002927584,,,,,
1.814232598,5.05E-04,1.824367152,5.16E-04,1.878375696,4.46E-04,1.789779502,5.09E-04,1.882577221,4.51E-04,1.762682861,6.01E-04,1.701997132,0.004555343,1.763812658,6.70E-04,1.735564518,0.002009292,1.742749304,0.001746999,,,,,
1.834865194,4.87E-04,1.845593014,4.86E-04,1.905537158,5.49E-04,1.800283594,5.17E-04,1.904598429,4.77E-04,1.773189733,5.64E-04,1.715402949,0.003077563,1.774141487,5.87E-04,1.748765773,0.001170419,1.755943342,0.001009915,,,,,
1.855497791,4.72E-04,1.866818876,4.70E-04,1.93269862,4.89E-04,1.810787686,5.25E-04,1.926619637,4.72E-04,1.783696606,5.55E-04,1.728808765,0.001897568,1.784470316,5.61E-04,1.760610709,7.70E-04,1.76754458,6.95E-04,,,,,
1.876130387,4.91E-04,1.888044738,4.52E-04,1.959860081,4.18E-04,1.821291778,5.02E-04,1.970662053,4.88E-04,1.794203479,5.22E-04,1.742214581,0.001115829,1.794799145,5.53E-04,1.771271151,6.16E-04,1.777985693,5.88E-04,,,,,
1.896762984,4.87E-04,1.9092706,4.63E-04,1.987021543,4.09E-04,1.842299963,5.05E-04,1.999499,4.70E-04,1.804710351,5.26E-04,1.754042386,7.53E-04,1.805127975,5.04E-04,1.781931594,5.64E-04,1.788426807,5.57E-04,,,,,
1.91739558,4.71E-04,1.930496462,4.37E-04,1.999499,4.77E-04,1.863308147,4.94E-04,1.999501,4.96E-04,1.825724097,5.22E-04,1.764687411,6.14E-04,1.815456804,5.16E-04,1.792592037,5.53E-04,1.798867921,5.53E-04,,,,,
1.958660773,4.76E-04,1.951722324,4.31E-04,1.999501,4.76E-04,1.884316332,4.92E-04,1.998501,4.93E-04,1.846737842,5.17E-04,1.775332436,5.66E-04,1.825785633,5.28E-04,1.803252479,5.52E-04,1.809309035,5.21E-04,,,,,
1.991933129,4.93E-04,1.972948186,3.92E-04,1.998501,4.74E-04,1.926332701,4.91E-04,1.996500999,4.65E-04,1.888765333,5.03E-04,1.785977461,5.54E-04,1.836114462,5.00E-04,1.824573365,5.42E-04,1.819750149,5.27E-04,,,,,
1.999499,4.84E-04,1.994174048,6.93E-04,1.996500999,4.79E-04,1.96272832,4.41E-04,1.992501,4.34E-04,1.924151793,4.94E-04,1.796622485,5.51E-04,1.856772121,5.13E-04,1.84589425,4.86E-04,1.840632376,5.24E-04,,,,,
1.999501,4.53E-04,1.999499,6.01E-04,1.992501,4.90E-04,1.99912394,4.52E-04,1.984500999,4.79E-04,1.959538253,4.01E-04,1.817912535,5.58E-04,1.877429779,5.03E-04,1.88853602,5.03E-04,1.861514604,5.41E-04,,,,,
1.998501,4.52E-04,1.999501,3.34E-04,1.984500999,4.75E-04,1.999499,4.66E-04,1.976501,4.91E-04,1.994924713,1.03E-04,1.839202584,5.29E-04,1.898087438,4.97E-04,1.925963352,4.99E-04,1.903279059,5.10E-04,,,,,
1.996500999,4.94E-04,1.998501,3.36E-04,1.976501,4.68E-04,1.999501,5.01E-04,1.960500999,4.78E-04,1.999499,3.35E-04,1.860492634,5.24E-04,1.939402754,4.98E-04,1.963390683,4.60E-04,1.940867069,5.01E-04,,,,,
1.992501,5.52E-04,1.996500999,6.77E-04,1.960500999,4.72E-04,1.998501,4.96E-04,1.948921073,4.73E-04,1.999501,6.01E-04,1.881782683,4.45E-04,1.97658654,4.36E-04,1.999499,5.32E-04,1.978455079,3.83E-04,,,,,
1.984500999,5.21E-04,1.994501,5.06E-04,1.947084591,4.68E-04,1.996500999,4.52E-04,1.937341147,4.71E-04,1.998501,6.10E-04,1.903072733,4.81E-04,1.999499,4.62E-04,1.999501,4.71E-04,1.999499,4.23E-04,,,,,
1.976501,4.76E-04,1.990500999,3.89E-04,1.933668182,4.64E-04,1.994501,4.34E-04,1.925761221,4.68E-04,1.996500999,3.12E-04,1.924362782,4.85E-04,1.999501,5.09E-04,1.998501,4.61E-04,1.999501,5.29E-04,,,,,
1.960500999,4.64E-04,1.982500999,3.85E-04,1.920251773,4.59E-04,1.990500999,4.54E-04,1.902601369,4.59E-04,1.992501,-1.00E-04,1.966942882,4.94E-04,1.998501,5.08E-04,1.996500999,5.25E-04,1.998501,5.37E-04,,,,,
1.944501,4.59E-04,1.966501,4.68E-04,1.893418956,4.46E-04,1.986500999,4.75E-04,1.879441516,4.45E-04,1.984500999,8.99E-05,1.999499,4.70E-04,1.996500999,4.61E-04,1.992501,6.30E-04,1.996500999,4.33E-04,,,,,
1.928501,4.54E-04,1.952100999,4.70E-04,1.866586139,4.25E-04,1.978500999,4.77E-04,1.833121812,4.32E-04,1.976501,4.56E-04,1.999501,5.01E-04,1.992501,3.97E-04,1.984500999,4.94E-04,1.992501,2.77E-04,,,,,
1.896501,4.37E-04,1.937701,4.63E-04,1.812920504,4.40E-04,1.970501,4.75E-04,1.786802107,4.18E-04,1.968500999,4.96E-04,1.998501,5.00E-04,1.984500999,4.25E-04,1.976501,4.47E-04,1.984500999,3.42E-04,,,,,
1.864500999,4.07E-04,1.923300999,4.55E-04,1.759254869,3.99E-04,1.954500999,4.74E-04,1.740482402,3.32E-04,1.952501,4.83E-04,1.996500999,4.68E-04,1.976501,4.68E-04,1.960500999,4.85E-04,1.968500999,4.85E-04,,,,,
1.800501,4.29E-04,1.894500999,4.38E-04,1.705589234,3.35E-04,1.941941935,4.71E-04,1.694162697,2.75E-04,1.936501,4.26E-04,1.992501,4.29E-04,1.960500999,4.84E-04,1.944501,4.84E-04,1.954100999,4.93E-04,,,,,
1.742901,3.75E-04,1.865700999,4.13E-04,1.672398254,1.98E-04,1.92938287,4.67E-04,1.654264078,3.63E-05,1.904500999,4.11E-04,1.984500999,4.83E-04,1.946882294,4.82E-04,1.928501,4.78E-04,1.939701,4.84E-04,,,,,
1.685300999,2.86E-04,1.808101,4.35E-04,1.639207274,-1.08E-04,1.916823805,4.63E-04,1.631912074,-2.79E-04,1.872501,4.37E-04,1.976501,4.98E-04,1.933263589,4.77E-04,1.896501,4.71E-04,1.925300999,4.75E-04,,,,,
1.657025381,1.17E-04,1.750500999,3.87E-04,1.619501268,-4.67E-04,1.891705675,4.52E-04,1.609560069,-8.09E-04,1.808501,4.46E-04,1.960500999,4.83E-04,1.919644884,4.72E-04,1.864500999,4.49E-04,1.896501,4.65E-04,,,,,
1.628749763,-2.15E-04,1.692901,3.06E-04,1.599795262,-0.001025748,1.866587545,4.34E-04,1.589443265,-0.001567971,1.755293,3.92E-04,1.947991406,4.78E-04,1.892407474,4.64E-04,1.832501,4.09E-04,1.867700999,4.47E-04,,,,,
1.605367973,-7.29E-04,1.662915929,1.48E-04,1.582059857,-0.001761751,1.816351286,4.19E-04,1.571338141,-0.002547553,1.702085001,3.12E-04,1.935481812,4.75E-04,1.865170064,4.47E-04,1.788123491,4.31E-04,1.838901,4.15E-04,,,,,
1.585678562,-0.001414775,1.632930859,-1.76E-04,1.566097992,-0.002636416,1.766115027,4.00E-04,1.55504353,-0.003671091,1.669276493,1.47E-04,1.922972218,4.71E-04,1.837932653,4.19E-04,1.743745982,3.90E-04,1.781300999,4.29E-04,,,,,
1.568233327,-0.002243376,1.607921542,-7.07E-04,1.550136128,-0.003668544,1.715878767,3.53E-04,1.538748918,-0.004918872,1.636467984,-2.19E-04,1.89795303,4.66E-04,1.783457833,4.31E-04,1.699368473,2.87E-04,1.732466468,3.74E-04,,,,,
1.552532615,-0.003122962,1.58726509,-0.001429375,1.534174263,-0.004709353,1.680432545,2.34E-04,1.522454307,-0.006026575,1.616502614,-6.50E-04,1.872933842,4.52E-04,1.734430494,3.81E-04,1.659428715,3.30E-05,1.683631937,2.13E-04,,,,,
1.536831904,-0.003985207,1.569135719,-0.0023203,1.518212398,-0.005453417,1.644986322,-5.16E-05,1.506159696,-0.006560888,1.596537243,-0.001323203,1.847914654,4.30E-04,1.685403156,2.37E-04,1.636093434,-3.00E-04,1.656365765,-2.14E-05,,,,,
1.521131192,-0.004571678,1.552819285,-0.003293572,1.506392286,-0.005534169,1.624228613,-3.99E-04,1.495083156,-0.006336614,1.578568409,-0.002212178,1.797876278,4.39E-04,1.657598656,1.96E-05,1.612758153,-8.71E-04,1.629099592,-4.64E-04,,,,,
1.510855113,-0.004629612,1.536502851,-0.004280075,1.496009352,-0.005242333,1.603470904,-9.55E-04,1.489926484,-0.006035331,1.562396459,-0.003275531,1.747837902,3.93E-04,1.629794157,-3.98E-04,1.591792432,-0.001713695,1.605035323,-0.001178074,,,,,
1.500579034,-0.004357449,1.520186417,-0.004987584,1.488562779,-0.004797577,1.584788966,-0.001713313,1.484769812,-0.005632506,1.546224509,-0.004546023,1.697799526,2.94E-04,1.605057285,-0.001088258,1.572923284,-0.002842775,1.584631378,-0.002162106,,,,,
1.491330563,-0.003829712,1.505501627,-0.005060184,1.483069355,-0.004353767,1.567975221,-0.002645223,1.480128807,-0.005190343,1.530052558,-0.005851498,1.666467605,1.14E-04,1.584061468,-0.002051838,1.55594105,-0.004202379,1.566267828,-0.003441459,,,,,
1.483006938,-0.003185396,1.493235266,-0.004545208,1.478688161,-0.003946342,1.551161477,-0.003784008,1.475951902,-0.004740789,1.513880608,-0.006835367,1.635135684,-2.68E-04,1.565328407,-0.003292252,1.538958816,-0.005819848,1.549740633,-0.004931148,,,,,
1.474683314,-0.002481878,1.483033039,-0.003747398,1.474999894,-0.003579917,1.534347733,-0.00497401,1.47226931,-0.004314547,1.497708658,-0.007007389,1.608496681,-9.21E-04,1.548468653,-0.004713079,1.521976582,-0.007438162,1.533213437,-0.006631737,,,,,
1.46635969,-0.001825921,1.474024181,-0.002895578,1.471749279,-0.003249357,1.517533988,-0.005873687,1.468960129,-0.003918132,1.484674153,-0.006256098,1.58659162,-0.001838872,1.531608898,-0.006272462,1.504994348,-0.008525185,1.516686242,-0.008226311,,,,,
1.458036066,-0.001301835,1.46591621,-0.002146347,1.468823726,-0.00295269,1.505642717,-0.006010632,1.465981865,-0.003558169,1.473882894,-0.005054806,1.567450911,-0.003017747,1.514749144,-0.007599819,1.490100316,-0.008443437,1.500159047,-0.00914573,,,,,
1.452954632,-0.001077654,1.457808238,-0.001520706,1.466190728,-0.002690838,1.495620877,-0.005754834,1.463301428,-0.003237252,1.464831663,-0.00382349,1.550224273,-0.004380288,1.497889389,-0.008103162,1.484262835,-0.008062991,1.485284571,-0.008825211,,,,,
1.447873198,-9.13E-04,1.452626231,-0.001225508,1.46382103,-0.002462436,1.490488776,-0.005454796,1.460889035,-0.002954926,1.456685556,-0.002738513,1.532997635,-0.005879898,1.487670874,-0.007691757,1.478425353,-0.007505978,1.480280221,-0.008388858,,,,,
1.443299907,-8.07E-04,1.447444223,-0.001005455,1.461451331,-0.002245777,1.485356674,-0.005065917,1.458476641,-0.002684923,1.448539448,-0.001832367,1.515770998,-0.007141608,1.47745236,-0.006705694,1.473259278,-0.006874834,1.475275872,-0.007817532,,,,,
1.438726616,-7.31E-04,1.442780417,-8.64E-04,1.459318603,-0.002060243,1.480781105,-0.004651507,1.456305487,-0.002452142,1.443669006,-0.001431953,1.49854436,-0.007569051,1.468375882,-0.005438523,1.468870817,-0.006251767,1.470771958,-0.00719696,,,,,
1.434153326,-6.75E-04,1.43811661,-7.64E-04,1.457185875,-0.001886907,1.476735584,-0.004243588,1.454134333,-0.002233259,1.438798563,-0.001130573,1.488416825,-0.007130648,1.460207052,-0.004150922,1.465085434,-0.005666919,1.466718434,-0.00656845,,,,,
1.429580035,-6.33E-04,1.433919184,-7.01E-04,1.455053146,-0.001726415,1.473158842,-0.003860891,1.452180295,-0.002047223,1.434457091,-9.38E-04,1.478289291,-0.006167853,1.452038221,-0.002918662,1.461763304,-0.005131326,1.463093605,-0.005964996,,,,,
1.425006744,-6.00E-04,1.429721758,-6.53E-04,1.45078769,-0.001422109,1.469939774,-0.003507937,1.450226256,-0.001874315,1.430549766,-8.14E-04,1.469351795,-0.004978284,1.443869391,-0.001903507,1.458779638,-0.004643734,1.459859024,-0.005406045,,,,,
1.420433454,-5.74E-04,1.425524332,-6.17E-04,1.446948779,-0.001194541,1.467042613,-0.003189849,1.448272217,-0.00171486,1.426642441,-7.25E-04,1.461308048,-0.00379442,1.439225547,-0.00148229,1.456094337,-0.004207255,1.456947902,-0.004896921,,,,,
1.415860163,-5.52E-04,1.421326906,-5.89E-04,1.443109868,-0.001015289,1.464435168,-0.002907948,1.44436414,-0.001414869,1.422735116,-6.62E-04,1.453264301,-0.002678379,1.434581702,-0.001163845,1.453677567,-0.003821819,1.454327891,-0.004441308,,,,,
1.411286872,-5.33E-04,1.41712948,-5.65E-04,1.439270956,-8.80E-04,1.462088467,-0.002661108,1.440846871,-0.001190426,1.418827791,-6.16E-04,1.445220555,-0.001769649,1.43046294,-9.59E-04,1.451502474,-0.003484765,1.451969882,-0.004038816,,,,,
1.406713581,-5.17E-04,1.412932054,-5.45E-04,1.435432045,-7.81E-04,1.459741767,-0.002425966,1.437329601,-0.001012976,1.414920466,-5.82E-04,1.440590807,-0.001391562,1.426344178,-8.13E-04,1.449327381,-0.003163204,1.449611873,-0.00365181,,,,,
1.402140291,-5.04E-04,1.408734628,-5.28E-04,1.431593134,-7.09E-04,1.457629736,-0.002223852,1.433812332,-8.78E-04,1.411013141,-5.56E-04,1.435961059,-0.00110728,1.422637292,-7.20E-04,1.447369797,-0.002886411,1.447489664,-0.003316604,,,,,
1.397567,-4.92E-04,1.404537202,-5.14E-04,1.427754223,-6.58E-04,1.455517706,-0.00203426,1.430295062,-7.78E-04,1.407105816,-5.34E-04,1.431821415,-9.24E-04,1.418930406,-6.54E-04,1.445412213,-0.002625802,1.445367456,-0.002999627,,,,,
1.392993709,-4.82E-04,1.400339776,-4.99E-04,1.423915312,-6.20E-04,1.453405676,-0.001858011,1.426777793,-7.05E-04,1.403198491,-5.17E-04,1.427681771,-7.93E-04,1.41522352,-6.07E-04,1.443454629,-0.00238243,1.443457468,-0.00272896,,,,,
1.383847128,-4.63E-04,1.39614235,-4.89E-04,1.420076401,-5.90E-04,1.449181615,-0.001522831,1.423260523,-6.52E-04,1.399291166,-5.00E-04,1.423956092,-7.10E-04,1.411516634,-5.72E-04,1.439539462,-0.001919775,1.441547481,-0.002476017,,,,,
1.374700546,-4.49E-04,1.387747498,-4.70E-04,1.41623749,-5.67E-04,1.44537996,-0.001268696,1.419743254,-6.13E-04,1.39538384,-4.88E-04,1.420230412,-6.50E-04,1.407809748,-5.45E-04,1.436015811,-0.001560707,1.439637493,-0.002241497,,,,,
1.365553965,-4.38E-04,1.380293957,-4.58E-04,1.412398579,-5.47E-04,1.441578305,-0.001067874,1.416225984,-5.84E-04,1.38756919,-4.66E-04,1.416504733,-6.07E-04,1.404102862,-5.24E-04,1.43249216,-0.001277888,1.435817518,-0.001799624,,,,,
1.356407383,-4.29E-04,1.372840416,-4.47E-04,1.408559668,-5.31E-04,1.437776651,-9.16E-04,1.412708715,-5.60E-04,1.37975454,-4.50E-04,1.412779053,-5.74E-04,1.400395976,-5.07E-04,1.428968509,-0.001057023,1.43237954,-0.001466185,,,,,
1.347260802,-4.20E-04,1.365386875,-4.38E-04,1.404720757,-5.14E-04,1.433974996,-8.04E-04,1.409191445,-5.41E-04,1.37193989,-4.37E-04,1.409053374,-5.49E-04,1.39668909,-4.91E-04,1.425444858,-8.91E-04,1.428941563,-0.001199352,,,,,
1.33811422,-4.13E-04,1.357933335,-4.30E-04,1.400881846,-5.03E-04,1.430173341,-7.23E-04,1.405674176,-5.23E-04,1.36412524,-4.27E-04,1.405327694,-5.28E-04,1.392982204,-4.78E-04,1.421921207,-7.70E-04,1.425503585,-9.94E-04,,,,,
1.328967639,-4.06E-04,1.350479794,-4.23E-04,1.393204024,-4.81E-04,1.426371686,-6.65E-04,1.402156906,-5.10E-04,1.35631059,-4.19E-04,1.401602015,-5.11E-04,1.385568432,-4.57E-04,1.418397556,-6.85E-04,1.422065608,-8.43E-04,,,,,
1.319821057,-3.99E-04,1.343026253,-4.16E-04,1.386433517,-4.67E-04,1.422570032,-6.23E-04,1.395122367,-4.86E-04,1.34849594,-4.11E-04,1.397876335,-4.96E-04,1.37815466,-4.41E-04,1.414873905,-6.24E-04,1.41862763,-7.33E-04,,,,,
1.310674476,-3.93E-04,1.335572712,-4.10E-04,1.379663011,-4.55E-04,1.418768377,-5.91E-04,1.388791282,-4.70E-04,1.34068129,-4.05E-04,1.394150656,-4.83E-04,1.370740888,-4.29E-04,1.411350254,-5.82E-04,1.415189652,-6.56E-04,,,,,
1.292381313,-3.82E-04,1.32066563,-4.00E-04,1.372892505,-4.45E-04,1.414966722,-5.66E-04,1.382460197,-4.57E-04,1.332866639,-3.99E-04,1.386699297,-4.62E-04,1.363327116,-4.19E-04,1.407826603,-5.51E-04,1.411751675,-6.02E-04,,,,,
1.27408815,-3.73E-04,1.305758549,-3.91E-04,1.366121998,-4.37E-04,1.411165067,-5.46E-04,1.376129112,-4.46E-04,1.325051989,-3.94E-04,1.379247938,-4.46E-04,1.355913344,-4.10E-04,1.404302952,-5.27E-04,1.408313697,-5.64E-04,,,,,
1.255794987,-3.63E-04,1.290851467,-3.82E-04,1.359351492,-4.29E-04,1.407363413,-5.29E-04,1.369798026,-4.37E-04,1.309422689,-3.85E-04,1.371796579,-4.34E-04,1.348499572,-4.03E-04,1.400779302,-5.10E-04,1.40487572,-5.36E-04,,,,,
1.237501824,-3.54E-04,1.275944385,-3.74E-04,1.352580986,-4.22E-04,1.403561758,-5.13E-04,1.363466941,-4.29E-04,1.293793389,-3.77E-04,1.364345221,-4.24E-04,1.3410858,-3.97E-04,1.397255651,-4.94E-04,1.401437742,-5.14E-04,,,,,
1.219208661,-3.45E-04,1.261037304,-3.67E-04,1.345810479,-4.16E-04,1.399760103,-5.00E-04,1.357135856,-4.22E-04,1.278164089,-3.70E-04,1.356893862,-4.15E-04,1.333672028,-3.92E-04,1.393732,-4.80E-04,1.397999765,-4.97E-04,,,,,
1.182622335,-3.28E-04,1.246130222,-3.60E-04,1.332269467,-4.06E-04,1.392156794,-4.78E-04,1.350804771,-4.16E-04,1.262534788,-3.64E-04,1.349442503,-4.08E-04,1.318844485,-3.82E-04,1.386684698,-4.57E-04,1.394561787,-4.81E-04,,,,,
1.14603601,-3.13E-04,1.216316058,-3.46E-04,1.318728454,-3.97E-04,1.384553484,-4.62E-04,1.338142601,-4.05E-04,1.246905488,-3.58E-04,1.341991144,-4.02E-04,1.304016941,-3.75E-04,1.379637396,-4.40E-04,1.391123809,-4.69E-04,,,,,
1.109449684,-2.99E-04,1.186501895,-4.86E-04,1.305187441,-3.89E-04,1.376950175,-4.49E-04,1.32548043,-3.97E-04,1.215646888,-3.47E-04,1.334539785,-3.96E-04,1.289189397,-3.68E-04,1.372590094,-4.27E-04,1.384247854,-4.48E-04,,,,,
1.072863358,-2.84E-04,1.156687732,-3.21E-04,1.291646429,-3.82E-04,1.369346865,-4.38E-04,1.31281826,-3.89E-04,1.184388287,-4.51E-04,1.319637067,-3.87E-04,1.274361853,-3.62E-04,1.365542792,-4.17E-04,1.377371899,-4.33E-04,,,,,
1.036277032,-2.08E-04,1.126873568,-3.11E-04,1.278105416,-3.75E-04,1.361743556,-4.29E-04,1.30015609,-3.83E-04,1.153129686,-3.24E-04,1.30473435,-3.79E-04,1.259534309,-3.57E-04,1.358495491,-4.08E-04,1.370495944,-4.21E-04,,,,,
1.000500999,-4.65E-04,1.097059405,-2.99E-04,1.264564403,-3.68E-04,1.354140246,-4.21E-04,1.28749392,-3.76E-04,1.121871086,-3.15E-04,1.289831632,-3.72E-04,1.244706765,-3.51E-04,1.351448189,-4.01E-04,1.363619989,-4.11E-04,,,,,
0,0,1.067245241,-2.90E-04,1.237482378,-3.56E-04,1.346536937,-4.15E-04,1.274831749,-3.71E-04,1.090612485,-3.09E-04,1.274928914,-3.66E-04,1.215051677,-3.41E-04,1.344400887,-3.95E-04,1.356744033,-4.03E-04,,,,,
0,0,1.007616915,-2.67E-04,1.210400352,-3.83E-04,1.338933627,-4.09E-04,1.249507409,-3.60E-04,1.059353885,-2.93E-04,1.260026196,-3.60E-04,1.18539659,-3.91E-04,1.337353585,-3.89E-04,1.349868078,-3.96E-04,,,,,
0,0,1.000500999,-3.02E-04,1.183318327,-3.33E-04,1.331330318,-4.03E-04,1.224183068,-3.62E-04,1.000500999,-2.78E-04,1.245123479,-3.54E-04,1.155741502,-3.22E-04,1.323258981,-3.80E-04,1.342992123,-3.90E-04,,,,,
0,0,0,0,1.156236302,-4.18E-04,1.316123699,-3.93E-04,1.198858728,-3.40E-04,0,0,1.215318043,-4.29E-04,1.126086414,-3.11E-04,1.309164378,-3.73E-04,1.329240213,-3.79E-04,,,,,
0,0,0,0,1.102072251,-3.04E-04,1.30091708,-3.85E-04,1.173534387,-3.31E-04,0,0,1.185512608,-3.33E-04,1.096431326,-2.96E-04,1.295069774,-3.66E-04,1.315488302,-3.72E-04,,,,,
0,0,0,0,1.058047645,-2.91E-04,1.285710461,-3.77E-04,1.122885706,-3.13E-04,0,0,1.155707172,-3.23E-04,1.066776239,-3.05E-04,1.28097517,-3.61E-04,1.301736392,-3.66E-04,,,,,
0,0,0,0,1.014023039,-2.71E-04,1.270503842,-3.70E-04,1.077301893,-3.01E-04,0,0,1.125901737,-3.12E-04,1.037121151,-2.91E-04,1.266880567,-3.55E-04,1.287984482,-3.60E-04,,,,,
0,0,0,0,1.000500999,-3.30E-04,1.255297223,-3.63E-04,1.03171808,-2.83E-04,0,0,1.096096301,-3.05E-04,1.000500999,-1.44E-04,1.252785963,-3.50E-04,1.274232571,-3.55E-04,,,,,
0,0,0,0,0,0,1.240090604,-3.57E-04,1.000500999,-2.69E-04,0,0,1.066290866,-3.07E-04,0,0,1.224596756,0,1.260480661,-3.50E-04,,,,,
0,0,0,0,0,0,1.209677366,-4.36E-04,0,0,0,0,1.006679995,-2.81E-04,0,0,1.196407549,0,1.23297684,-3.41E-04,,,,,
0,0,0,0,0,0,1.179264128,-3.33E-04,0,0,0,0,1.000500999,-3.05E-04,0,0,1.168218341,0,1.205473019,-3.42E-04,,,,,
0,0,0,0,0,0,1.14885089,-3.21E-04,0,0,0,0,0,0,0,0,1.140029134,0,1.177969199,-3.25E-04,,,,,
0,0,0,0,0,0,1.118437652,-3.11E-04,0,0,0,0,0,0,0,0,1.111839927,0,1.150465378,-3.19E-04,,,,,
0,0,0,0,0,0,1.088024414,-3.01E-04,0,0,0,0,0,0,0,0,1.055461512,0,1.122961557,-3.11E-04,,,,,
0,0,0,0,0,0,1.057611176,-2.93E-04,0,0,0,0,0,0,0,0,1.004720939,0,1.067953916,-2.98E-04,,,,,
0,0,0,0,0,0,1.027197938,-2.83E-04,0,0,0,0,0,0,0,0,1.000500999,0,1.012946274,-2.75E-04,,,,,
0,0,0,0,0,0,1.000500999,-2.54E-04,0,0,0,0,0,0,0,0,0,0,1.000500999,-3.79E-04,,,,,
