1v,1i,2v,2i,3v,3i,4v,4i,5v,5i,6v,6i,7v,7i,8v,8i,9v,9i,10v,10i,,,,,
1,9.58E-11,1,5.39E-10,1,1.18E-09,1,2.03E-09,1,3.09E-09,1,4.36E-09,1,5.82E-09,1,7.46E-09,1,9.27E-09,1,1.12E-08,,,,,
1.000000004,4.64E-13,1.000000004,6.24E-11,1.000000004,2.35E-10,1.000000004,5.06E-10,1.000000004,9.30E-10,1.000000004,1.50E-09,1.000000004,2.22E-09,1.000000004,3.09E-09,1.000000004,4.11E-09,1.000000004,5.29E-09,,,,,
1.000000012,1.33E-13,1.000000013,9.23E-12,1.000000014,4.52E-11,1.000000014,1.26E-10,1.000000014,2.83E-10,1.000000014,5.19E-10,1.000000014,8.49E-10,1.000000014,1.28E-09,1.000000014,1.83E-09,1.000000014,2.50E-09,,,,,
1.000000025,4.18E-13,1.000000028,1.85E-12,1.000000032,9.14E-12,1.000000032,3.17E-11,1.000000032,8.57E-11,1.000000032,1.80E-10,1.000000032,3.26E-10,1.000000032,5.35E-10,1.000000032,8.17E-10,1.000000032,1.18E-09,,,,,
1.000000043,4.81E-13,1.000000049,8.19E-13,1.000000089,-5.50E-12,1.000000089,-1.48E-11,1.000000089,-2.45E-11,1.000000089,-4.66E-11,1.000000089,-6.03E-11,1.000000089,-6.24E-11,1.000000089,-4.63E-11,1.000000089,-3.89E-12,,,,,
1.000000093,5.72E-13,1.000000108,6.04E-13,1.000000165,1.64E-12,1.000000175,2.84E-12,1.000000175,3.38E-12,1.000000175,-7.20E-12,1.000000175,-2.08E-11,1.000000175,-3.85E-11,1.000000175,-5.91E-11,1.000000175,-7.89E-11,,,,,
1.000000154,6.28E-13,1.000000181,9.75E-13,1.000000307,1.90E-12,1.00000029,4.56E-12,1.00000029,1.62E-11,1.000000433,-4.25E-12,1.000000433,-1.55E-11,1.000000433,-3.44E-11,1.00000029,4.39E-11,1.00000029,-1.73E-11,,,,,
1.000000264,7.21E-13,1.000000317,1.16E-12,1.000000492,1.86E-12,1.000000433,2.09E-12,1.000000433,7.70E-12,1.000000744,1.92E-12,1.000000762,9.02E-14,1.000000762,-4.19E-12,1.000000604,2.49E-11,1.000000604,2.44E-12,,,,,
1.000000405,8.10E-13,1.000000491,1.35E-12,1.00000072,2.14E-12,1.000000604,1.88E-12,1.000000604,1.84E-12,1.00000114,4.81E-12,1.000001184,5.83E-12,1.000001184,6.71E-12,1.000001033,-1.72E-12,1.000001033,3.34E-12,,,,,
1.000000574,8.97E-13,1.000000703,1.55E-12,1.000000991,2.47E-12,1.000000804,2.78E-12,1.000000804,2.38E-12,1.00000162,5.85E-12,1.000001698,7.08E-12,1.000001698,8.40E-12,1.000001575,3.73E-12,1.000001575,7.77E-12,,,,,
1.000000774,9.85E-13,1.000000952,1.75E-12,1.000001306,2.79E-12,1.000001033,3.34E-12,1.000001033,4.04E-12,1.000002183,6.63E-12,1.000002303,7.89E-12,1.000002303,8.84E-12,1.000002232,9.25E-12,1.000002232,1.08E-11,,,,,
1.000001003,1.07E-12,1.00000124,1.95E-12,1.000001664,3.11E-12,1.00000129,3.61E-12,1.000001575,4.90E-12,1.000002829,7.49E-12,1.000003001,8.88E-12,1.000003001,9.97E-12,1.000003001,1.16E-11,1.000003001,1.26E-11,,,,,
1.000001261,1.16E-12,1.000001564,2.14E-12,1.000002065,3.43E-12,1.000001889,4.26E-12,1.000002232,5.64E-12,1.000003559,8.37E-12,1.00000379,9.97E-12,1.00000379,1.13E-11,1.000003884,1.29E-11,1.000003884,1.42E-11,,,,,
1.000001867,1.34E-12,1.000001927,2.34E-12,1.000002509,3.75E-12,1.000002602,4.95E-12,1.000003001,6.49E-12,1.000004372,9.25E-12,1.000004671,1.11E-11,1.000004671,1.26E-11,1.000004879,1.43E-11,1.000004879,1.58E-11,,,,,
1.00000259,1.51E-12,1.000002327,2.54E-12,1.000003525,4.38E-12,1.000003428,5.63E-12,1.000003884,7.35E-12,1.000005267,1.01E-11,1.000005642,1.21E-11,1.000005642,1.38E-11,1.000005986,1.58E-11,1.000005986,1.75E-11,,,,,
1.000003431,1.68E-12,1.000003239,2.93E-12,1.000004713,5.01E-12,1.000004367,6.31E-12,1.000004879,8.20E-12,1.000006245,1.10E-11,1.000006704,1.32E-11,1.000006704,1.50E-11,1.000007205,1.74E-11,1.000007205,1.92E-11,,,,,
1.000004389,1.86E-12,1.000004301,3.32E-12,1.000006071,5.63E-12,1.000005419,6.99E-12,1.000005986,9.05E-12,1.000008445,1.27E-11,1.000009097,1.53E-11,1.000009097,1.74E-11,1.000008534,1.89E-11,1.000009974,2.26E-11,,,,,
1.000005464,2.03E-12,1.000005512,3.71E-12,1.000007598,6.25E-12,1.000006582,7.66E-12,1.000007205,9.89E-12,1.000010971,1.44E-11,1.000011847,1.74E-11,1.000011847,1.98E-11,1.000011524,2.19E-11,1.000013182,2.59E-11,,,,,
1.00000796,2.37E-12,1.00000687,4.10E-12,1.000009292,6.87E-12,1.000007856,8.33E-12,1.000008534,1.07E-11,1.000013817,1.61E-11,1.000014948,1.94E-11,1.000014948,2.21E-11,1.000014948,2.48E-11,1.000016822,2.91E-11,,,,,
1.000010916,2.70E-12,1.000008375,4.49E-12,1.000011154,7.48E-12,1.000009241,9.00E-12,1.000009974,1.16E-11,1.00001698,1.78E-11,1.000018397,2.15E-11,1.000018397,2.45E-11,1.000018801,2.77E-11,1.000020886,3.23E-11,,,,,
1.000014324,3.03E-12,1.000011824,5.25E-12,1.000013181,8.09E-12,1.000012339,1.03E-11,1.000013182,1.32E-11,1.000020456,1.94E-11,1.000022187,2.35E-11,1.000022187,2.68E-11,1.000023075,3.06E-11,1.000025368,3.55E-11,,,,,
1.000018178,3.36E-12,1.000015847,6.00E-12,1.000017725,9.29E-12,1.000015872,1.16E-11,1.000016822,1.48E-11,1.000024239,2.11E-11,1.000026313,2.54E-11,1.000026313,2.90E-11,1.000027762,3.34E-11,1.000030258,3.85E-11,,,,,
1.000022471,3.68E-12,1.000020435,6.74E-12,1.000022911,1.05E-11,1.000019831,1.29E-11,1.000020886,1.64E-11,1.000028324,2.26E-11,1.000030769,2.74E-11,1.000030769,3.12E-11,1.000032853,3.61E-11,1.000035546,4.15E-11,,,,,
1.000027193,3.84E-12,1.000025577,7.43E-12,1.000028724,1.16E-11,1.000024209,1.42E-11,1.000025368,1.80E-11,1.000032706,2.42E-11,1.000035546,2.93E-11,1.000035546,3.34E-11,1.000038337,3.88E-11,1.000041223,4.45E-11,,,,,
1.000037887,4.62E-12,1.000031258,8.13E-12,1.000035146,1.27E-11,1.000028997,1.54E-11,1.000030258,1.95E-11,1.000042331,2.72E-11,1.000046037,3.29E-11,1.000046037,3.75E-11,1.000044204,4.14E-11,1.000047278,4.73E-11,,,,,
1.000048877,5.03E-12,1.000037464,8.81E-12,1.000042159,1.37E-11,1.000034187,1.66E-11,1.000035546,2.10E-11,1.000053062,3.01E-11,1.000057721,3.64E-11,1.000057721,4.15E-11,1.000057042,4.64E-11,1.000060473,5.28E-11,,,,,
1.000061087,5.44E-12,1.000051388,1.00E-11,1.000057873,1.58E-11,1.00004573,1.89E-11,1.000047278,2.39E-11,1.000064836,3.28E-11,1.000070525,3.96E-11,1.000070525,4.51E-11,1.000071268,5.10E-11,1.000075028,5.78E-11,,,,,
1.000074437,5.90E-12,1.000067206,1.11E-11,1.000075681,1.74E-11,1.000058747,2.11E-11,1.000060473,2.66E-11,1.000077586,3.53E-11,1.000084369,4.25E-11,1.000084369,4.86E-11,1.000086771,5.52E-11,1.000090833,6.24E-11,,,,,
1.000088841,6.30E-12,1.000084757,1.21E-11,1.000095377,1.88E-11,1.000073138,2.31E-11,1.000075028,2.91E-11,1.000091242,3.75E-11,1.000099167,4.53E-11,1.000099167,5.17E-11,1.000103435,5.90E-11,1.000107767,6.65E-11,,,,,
1.000104207,5.01E-12,1.000103862,1.30E-11,1.000116733,2.02E-11,1.000088793,2.47E-11,1.000090833,3.14E-11,1.000105726,3.96E-11,1.000114828,4.75E-11,1.000114828,5.45E-11,1.000121132,6.24E-11,1.000125702,7.01E-11,,,,,
1.000120437,6.78E-12,1.000124332,1.38E-11,1.000139506,2.14E-11,1.000105593,2.63E-11,1.000107767,3.32E-11,1.000136855,4.35E-11,1.000148356,5.19E-11,1.000148356,5.93E-11,1.000139729,6.53E-11,1.000144504,7.32E-11,,,,,
1.000137429,6.74E-12,1.000145962,1.08E-11,1.000163438,2.24E-11,1.00012341,2.78E-11,1.000125702,3.49E-11,1.000170289,4.49E-11,1.000184148,5.47E-11,1.000184148,6.25E-11,1.00015909,6.74E-11,1.000164033,7.55E-11,,,,,
1.000173272,6.77E-12,1.000191853,1.59E-11,1.000188265,1.82E-11,1.000161557,2.93E-11,1.000164033,3.82E-11,1.000205314,4.61E-11,1.000221373,5.63E-11,1.000221373,6.43E-11,1.000199532,7.15E-11,1.000204705,7.97E-11,,,,,
1.000207047,6.79E-12,1.000234962,1.42E-11,1.000239534,2.09E-11,1.000202116,2.97E-11,1.000204705,3.79E-11,1.000241207,4.69E-11,1.000259203,5.49E-11,1.000259203,6.29E-11,1.000241314,7.29E-11,1.000246575,8.10E-11,,,,,
1.000241595,6.72E-12,1.000278492,1.28E-11,1.000291225,2.06E-11,1.000243944,2.97E-11,1.000246575,3.77E-11,1.000277269,4.68E-11,1.000296855,5.39E-11,1.000296855,6.19E-11,1.000283325,7.24E-11,1.000288541,8.03E-11,,,,,
1.000276291,6.77E-12,1.000321301,1.29E-11,1.000341478,1.84E-11,1.000285935,2.95E-11,1.000288541,3.75E-11,1.000312854,4.59E-11,1.000333633,5.26E-11,1.000333633,6.03E-11,1.000324554,6.81E-11,1.000329609,7.56E-11,,,,,
1.000310561,6.73E-12,1.000362443,1.27E-11,1.000388878,1.78E-11,1.000327085,2.88E-11,1.000329609,3.65E-11,1.000380496,3.90E-11,1.0004025,4.45E-11,1.0004025,5.61E-11,1.000364168,6.48E-11,1.000368974,7.18E-11,,,,,
1.000343904,-2.67E-12,1.000401263,1.25E-11,1.000432703,1.80E-11,1.000366575,2.77E-11,1.000368974,3.50E-11,1.000441474,3.35E-11,1.000463856,3.96E-11,1.000463856,4.64E-11,1.000436618,5.88E-11,1.000440833,6.48E-11,,,,,
1.000406382,1.64E-12,1.000437508,7.59E-12,1.000473198,1.92E-11,1.000403854,1.61E-11,1.000440833,2.82E-11,1.000496589,3.72E-11,1.000520508,4.80E-11,1.000520508,5.34E-11,1.000500977,5.50E-11,1.000504883,6.17E-11,,,,,
1.000457148,5.78E-12,1.000471451,1.26E-11,1.000511862,4.96E-11,1.000471474,2.13E-11,1.000504883,3.21E-11,1.000550201,4.80E-11,1.000576758,5.49E-11,1.000576758,6.09E-11,1.000563477,6.98E-11,1.000567383,7.61E-11,,,,,
1.000504212,1.01E-11,1.000504016,3.57E-11,1.000588849,1.94E-11,1.00052793,3.39E-11,1.000567383,4.70E-11,1.000603811,4.20E-11,1.000633008,4.47E-11,1.000633008,5.09E-11,1.000625977,6.19E-11,1.000629883,6.71E-11,,,,,
1.00055063,7.09E-11,1.000568733,2.60E-11,1.000656621,1.47E-11,1.00058418,3.60E-11,1.000629883,3.66E-11,1.000657422,3.14E-11,1.000689258,4.18E-11,1.000689258,4.79E-11,1.000688477,5.41E-11,1.000692383,6.01E-11,,,,,
1.000597048,1.54E-11,1.000626978,1.15E-11,1.000724394,1.90E-11,1.00064043,2.53E-11,1.000692383,2.95E-11,1.000764644,3.67E-11,1.000745508,4.39E-11,1.000745508,4.98E-11,1.000750977,5.47E-11,1.000754883,6.09E-11,,,,,
1.000643467,-4.30E-11,1.000685223,1.17E-11,1.000792167,1.92E-11,1.00069668,2.37E-11,1.000754883,3.05E-11,1.000861143,3.83E-11,1.000858008,4.39E-11,1.000858008,5.00E-11,1.000813477,5.78E-11,1.000817383,6.38E-11,,,,,
1.000736304,-1.19E-13,1.000743469,1.31E-11,1.000859939,1.86E-11,1.00075293,2.66E-11,1.000817383,3.35E-11,1.000957642,3.72E-11,1.000959258,4.31E-11,1.000970508,4.93E-11,1.000938477,5.61E-11,1.000942383,6.22E-11,,,,,
1.00082914,8.12E-11,1.000801714,1.35E-11,1.000927712,1.87E-11,1.00080918,2.51E-11,1.000879883,3.13E-11,1.001054142,3.71E-11,1.001060508,4.34E-11,1.001083008,4.96E-11,1.001050977,5.54E-11,1.001067383,6.15E-11,,,,,
1.001014814,1.94E-11,1.000918205,1.26E-11,1.000995485,1.90E-11,1.00086543,2.31E-11,1.000942383,2.88E-11,1.001150641,3.75E-11,1.001161758,4.37E-11,1.001195508,4.99E-11,1.001163477,5.60E-11,1.001192383,6.22E-11,,,,,
1.001200487,8.27E-12,1.001023046,1.26E-11,1.00113103,1.90E-11,1.00097793,2.46E-11,1.001067383,3.08E-11,1.001247141,3.76E-11,1.001263008,4.38E-11,1.001308008,5.01E-11,1.001275977,5.63E-11,1.001317383,6.26E-11,,,,,
1.001386161,3.22E-11,1.001127888,1.27E-11,1.001253021,1.90E-11,1.00107918,2.53E-11,1.001179883,3.17E-11,1.00134364,3.77E-11,1.001364258,4.40E-11,1.001420508,5.03E-11,1.001388477,5.65E-11,1.001442383,6.29E-11,,,,,
1.001757508,1.12E-10,1.001232729,1.29E-11,1.001375012,1.91E-11,1.00118043,2.51E-11,1.001292383,3.14E-11,1.001440139,3.79E-11,1.001465508,4.42E-11,1.001533008,5.06E-11,1.001500977,5.67E-11,1.001567383,6.32E-11,,,,,
1.002500202,4.19E-10,1.001337571,1.29E-11,1.001497003,1.92E-11,1.00128168,2.52E-11,1.001404883,3.15E-11,1.001536639,3.81E-11,1.001566758,4.44E-11,1.001645508,5.08E-11,1.001725977,5.73E-11,1.001692383,6.36E-11,,,,,
1.003985591,1.64E-09,1.001442412,1.29E-11,1.001618994,1.93E-11,1.00138293,2.54E-11,1.001517383,3.17E-11,1.001729637,3.83E-11,1.001769258,4.47E-11,1.001758008,5.10E-11,1.001922657,5.77E-11,1.001942383,6.41E-11,,,,,
1.006956367,6.46E-09,1.001652095,1.30E-11,1.001862975,1.95E-11,1.00148418,2.54E-11,1.001629883,3.20E-11,1.001903336,3.86E-11,1.001951508,4.50E-11,1.001983008,5.15E-11,1.002119337,5.82E-11,1.002162824,6.47E-11,,,,,
1.012897921,2.53E-08,1.001861779,1.34E-11,1.002082559,1.99E-11,1.00158543,2.55E-11,1.001742383,3.21E-11,1.002077035,3.89E-11,1.002133758,4.54E-11,1.002185508,5.19E-11,1.002316018,5.86E-11,1.002383266,6.53E-11,,,,,
1.024781028,1.48E-09,1.002281145,1.35E-11,1.002521726,1.99E-11,1.00178793,2.57E-11,1.001854883,3.22E-11,1.002250734,3.91E-11,1.002316008,4.57E-11,1.002388008,5.23E-11,1.002512698,5.91E-11,1.002603707,6.59E-11,,,,,
1.034138045,9.73E-09,1.002700511,1.60E-10,1.002960893,4.22E-11,1.00199043,2.60E-11,1.002079883,3.24E-11,1.002424433,3.96E-11,1.002498258,4.62E-11,1.002590508,5.28E-11,1.002709379,5.96E-11,1.002824149,6.65E-11,,,,,
1.042314344,2.11E-11,1.003539243,5.74E-10,1.00340006,2.01E-10,1.00219293,2.62E-11,1.002304883,3.30E-11,1.002771831,4.00E-11,1.002680508,4.64E-11,1.002793008,5.34E-11,1.002906059,6.03E-11,1.003044591,6.70E-11,,,,,
1.048359719,3.79E-11,1.005216708,2.14E-09,1.004278394,6.45E-10,1.00239543,2.66E-11,1.002529883,3.31E-11,1.003084489,4.05E-11,1.002862758,4.67E-11,1.002995508,5.36E-11,1.00329942,6.11E-11,1.003265032,6.80E-11,,,,,
1.053599546,4.74E-11,1.008571638,8.33E-09,1.006035062,2.36E-09,1.00259793,2.66E-11,1.002754883,3.35E-11,1.003397147,4.11E-11,1.003227258,4.75E-11,1.003198008,5.41E-11,1.003653445,6.20E-11,1.003705915,6.90E-11,,,,,
1.058059946,5.75E-11,1.015281497,4.01E-09,1.009548398,9.22E-09,1.00280043,2.69E-11,1.003204883,3.41E-11,1.003709805,4.26E-11,1.003591758,4.82E-11,1.003603008,5.50E-11,1.00400747,6.29E-11,1.00410271,7.01E-11,,,,,
1.062054244,6.82E-11,1.021320371,2.64E-09,1.016575071,5.86E-10,1.00320543,2.74E-11,1.003609883,3.66E-11,1.004022463,4.23E-11,1.003956258,4.90E-11,1.004008008,5.60E-11,1.004361494,6.38E-11,1.004499505,7.13E-11,,,,,
1.065649111,7.86E-11,1.027359244,6.59E-09,1.0224902,2.52E-09,1.00361043,2.96E-11,1.004014883,3.56E-11,1.004335121,4.28E-11,1.004320758,5.12E-11,1.004413008,5.70E-11,1.004715519,6.61E-11,1.0048963,7.24E-11,,,,,
1.068884493,8.99E-11,1.032617175,3.61E-11,1.027813817,5.08E-09,1.00442043,3.00E-11,1.004419883,3.65E-11,1.004960437,4.41E-11,1.004685258,5.35E-11,1.004818008,6.01E-11,1.005423569,6.73E-11,1.005293094,7.56E-11,,,,,
1.071796336,1.02E-10,1.036919038,4.76E-11,1.032598135,4.15E-11,1.00523043,1.10E-10,1.005229883,3.81E-11,1.005585753,5.19E-11,1.005049758,5.42E-11,1.005223008,5.92E-11,1.006060813,7.53E-11,1.006086684,7.70E-11,,,,,
1.074708179,1.14E-10,1.040790715,5.68E-11,1.03664743,7.17E-11,1.00604043,6.87E-10,1.006849883,2.44E-10,1.006836385,5.22E-11,1.005778758,5.31E-11,1.005628008,6.03E-11,1.007335303,7.06E-11,1.006800915,8.82E-11,,,,,
1.077620022,1.28E-10,1.044275224,6.56E-11,1.040291795,8.27E-11,1.00766043,2.22E-09,1.008469883,2.60E-09,1.008087017,1.48E-09,1.006507758,6.35E-11,1.006438008,6.27E-11,1.008482343,2.66E-10,1.008229376,8.11E-11,,,,,
1.083443707,1.56E-08,1.047411282,7.48E-11,1.043571724,9.72E-11,1.01090043,1.03E-09,1.011709883,1.12E-09,1.010588281,5.30E-09,1.007965758,6.55E-11,1.007248008,7.96E-11,1.009629383,1.51E-09,1.009514991,3.35E-10,,,,,
1.089267393,2.15E-10,1.05054734,8.47E-11,1.046851653,1.08E-10,1.01414043,2.08E-09,1.014949883,2.10E-09,1.013089545,1.67E-09,1.009423758,2.06E-09,1.008868008,7.93E-11,1.011923464,4.68E-09,1.010800606,1.94E-09,,,,,
1.094508711,1.39E-08,1.053369792,9.53E-11,1.049803589,1.23E-10,1.01738043,3.58E-09,1.018189883,6.17E-10,1.015590809,6.70E-09,1.012339758,9.57E-10,1.010488008,4.69E-10,1.014217545,1.44E-09,1.013371837,8.22E-10,,,,,
1.09970929,3.24E-10,1.056192245,1.07E-10,1.052755525,1.38E-10,1.02386043,4.11E-09,1.021429883,6.22E-10,1.01838673,1.36E-09,1.015255758,1.69E-09,1.012108008,3.11E-09,1.016511625,5.64E-09,1.015943067,1.31E-09,,,,,
1.104909869,8.63E-09,1.059014697,1.19E-10,1.055412267,1.54E-10,1.03034043,3.33E-09,1.027909883,4.46E-09,1.02118265,1.47E-09,1.018171758,2.79E-09,1.015348008,1.24E-09,1.019192095,1.25E-09,1.018514297,2.09E-09,,,,,
1.110242934,4.88E-10,1.064659601,1.20E-08,1.05806901,1.71E-10,1.03682043,5.55E-09,1.034389883,1.15E-10,1.023978571,2.67E-09,1.024003758,2.90E-09,1.018264008,1.86E-09,1.021872565,1.43E-09,1.023656758,5.73E-09,,,,,
1.115576,5.79E-10,1.070304506,1.97E-10,1.060725752,1.90E-10,1.04330043,1.27E-10,1.040869883,1.03E-08,1.029570413,3.02E-09,1.029835758,5.00E-09,1.021180008,7.87E-10,1.024553035,2.49E-09,1.028799218,2.28E-09,,,,,
1.120909065,7.40E-10,1.07538492,8.41E-09,1.066039237,1.13E-08,1.04978043,1.55E-08,1.047349883,1.89E-10,1.035162255,4.75E-09,1.035667758,5.35E-09,1.024096008,1.17E-09,1.029913976,2.66E-09,1.033941679,6.88E-09,,,,,
1.12624213,9.14E-10,1.080558209,2.95E-10,1.071352721,3.06E-10,1.05626043,2.16E-10,1.053130198,1.28E-08,1.040754097,3.67E-09,1.041499758,5.15E-09,1.029928008,3.65E-09,1.035274916,4.09E-09,1.039378625,4.58E-10,,,,,
1.131575195,1.13E-09,1.085731497,7.88E-09,1.076134858,6.16E-09,1.061686927,8.34E-09,1.058252976,3.04E-10,1.046345938,1.00E-08,1.047331758,9.65E-09,1.035760008,3.34E-09,1.040635856,2.66E-10,1.044815571,4.18E-09,,,,,
1.13690826,1.39E-09,1.090904786,4.43E-10,1.081298769,4.50E-10,1.066863897,3.39E-10,1.063375753,7.86E-10,1.05193778,2.78E-10,1.053163758,3.41E-10,1.041592008,4.52E-09,1.045996796,1.08E-08,1.050252518,2.45E-09,,,,,
1.142241325,6.92E-08,1.096078074,1.52E-08,1.08646268,1.98E-08,1.072040867,5.82E-09,1.068781155,4.49E-10,1.056970438,6.53E-09,1.058412558,1.14E-08,1.047424008,3.07E-10,1.051357736,4.11E-10,1.055689464,6.01E-09,,,,,
1.147574391,2.20E-09,1.101251362,6.72E-10,1.09131667,6.81E-10,1.077217838,5.06E-10,1.074186556,5.55E-10,1.062088523,4.18E-10,1.063384539,5.18E-10,1.053256008,1.88E-08,1.056182583,1.88E-09,1.06112641,6.65E-10,,,,,
1.152203117,-2.77E-08,1.106424651,1.29E-08,1.09568526,-1.39E-09,1.082394808,1.35E-08,1.079591957,6.88E-10,1.067206608,5.85E-09,1.06835652,1.61E-09,1.059088008,4.95E-10,1.061517954,6.04E-10,1.066563356,1.51E-08,,,,,
1.158280795,3.08E-09,1.111555914,1.01E-09,1.101098045,9.47E-10,1.087571778,7.66E-10,1.084997358,8.52E-10,1.072324693,6.24E-10,1.073706952,7.62E-10,1.063973036,-3.03E-09,1.066853325,7.44E-10,1.072000302,1.04E-09,,,,,
1.164358473,4.13E-09,1.116687178,1.39E-08,1.106510829,1.21E-09,1.092231052,7.07E-09,1.09040276,1.06E-09,1.077442778,1.17E-08,1.079057383,9.40E-10,1.069556208,1.60E-09,1.072188696,9.19E-10,1.076893554,4.12E-09,,,,,
1.169828384,5.13E-09,1.121818441,1.51E-09,1.111923613,1.50E-09,1.097371199,1.13E-09,1.095808161,1.31E-09,1.082560863,9.40E-10,1.084407815,1.16E-09,1.07513938,9.21E-10,1.077524067,1.13E-09,1.082136051,1.52E-09,,,,,
1.175298294,6.36E-09,1.126949705,2.34E-08,1.117336398,1.85E-09,1.102511346,1.36E-09,1.101213562,1.62E-09,1.087678948,9.64E-09,1.089758247,1.43E-09,1.080722552,1.14E-09,1.082859438,1.40E-09,1.087378549,4.81E-09,,,,,
1.180768204,7.90E-09,1.132080968,2.27E-09,1.122749182,2.30E-09,1.107651493,1.68E-09,1.106618963,4.55E-08,1.092796716,1.41E-09,1.095108679,1.77E-09,1.086305724,1.43E-09,1.088194809,1.73E-09,1.092621046,2.30E-09,,,,,
1.186238115,9.81E-09,1.137212232,2.31E-08,1.128161966,2.85E-09,1.11279164,2.06E-09,1.112024364,2.58E-09,1.097914485,1.72E-09,1.10045911,2.19E-09,1.091888896,1.78E-09,1.093530181,2.14E-09,1.097863543,2.82E-09,,,,,
1.191708025,1.22E-08,1.142313186,3.40E-09,1.133574751,3.53E-09,1.117931788,2.52E-09,1.116609542,-1.95E-08,1.103032253,2.09E-09,1.105809542,2.71E-09,1.097472068,2.22E-09,1.098865552,3.98E-08,1.103106041,3.47E-09,,,,,
1.197177935,1.51E-08,1.14741414,2.24E-08,1.138987535,7.31E-08,1.123071935,3.09E-09,1.122820513,3.71E-09,1.108150021,2.56E-09,1.111159974,4.85E-08,1.10305524,2.77E-09,1.104200923,3.39E-09,1.108348538,4.27E-09,,,,,
1.202647846,1.88E-08,1.152515094,5.08E-09,1.144400319,5.62E-09,1.128212082,5.26E-08,1.129031484,4.87E-09,1.113267789,3.13E-09,1.116510405,4.30E-09,1.108638412,3.46E-09,1.108788387,-1.53E-08,1.113591035,5.25E-09,,,,,
1.208117756,2.31E-07,1.157616049,4.15E-08,1.149006742,-6.27E-09,1.133352229,4.80E-09,1.134598228,6.07E-09,1.118385558,3.83E-09,1.121096224,-1.83E-08,1.114221584,6.06E-08,1.114948563,4.88E-09,1.118833533,5.40E-08,,,,,
1.213587666,3.01E-08,1.162717003,7.65E-09,1.153613165,7.75E-09,1.137978362,-1.61E-08,1.140164972,7.56E-09,1.123503326,4.95E-08,1.12726811,6.19E-09,1.119804756,5.61E-09,1.121108739,6.37E-09,1.12407603,8.25E-09,,,,,
1.218161017,-7.08E-08,1.167817957,3.85E-08,1.158219588,9.40E-09,1.143879353,6.89E-09,1.145731716,9.42E-09,1.128621094,5.94E-09,1.133439997,8.08E-09,1.124344891,-2.54E-08,1.126652897,7.93E-09,1.128664735,-1.49E-08,,,,,
1.224546388,4.35E-08,1.172940106,1.14E-08,1.162826011,5.22E-08,1.149780345,8.88E-09,1.151298461,1.17E-08,1.133227086,-1.29E-08,1.138994695,1.01E-08,1.133425161,1.26E-07,1.132197055,9.87E-09,1.1347762,1.19E-08,,,,,
1.230931759,5.74E-08,1.178062255,4.59E-08,1.167432434,1.38E-08,1.155091237,1.10E-08,1.156865205,1.46E-08,1.139112959,8.54E-09,1.144549393,1.25E-08,1.137901583,1.20E-08,1.137741213,1.23E-08,1.140887665,1.55E-08,,,,,
1.236521643,7.17E-08,1.183184404,1.71E-08,1.172038857,2.03E-08,1.160402129,1.35E-08,1.162431949,1.82E-08,1.144998833,1.10E-08,1.150104091,1.56E-08,1.141930363,-7.67E-08,1.143285371,1.53E-08,1.146387984,1.92E-08,,,,,
1.242111526,8.94E-08,1.188306553,7.42E-08,1.177360401,2.00E-08,1.165713022,1.67E-08,1.167998694,1.45E-07,1.150296119,1.35E-08,1.15565879,1.95E-08,1.149987924,-2.64E-08,1.148829529,1.91E-08,1.151888303,2.39E-08,,,,,
1.24770141,1.12E-07,1.193428702,2.58E-08,1.182681945,2.46E-08,1.171023914,2.06E-08,1.173565438,2.95E-08,1.155593405,1.67E-08,1.161213488,2.42E-08,1.155037031,2.15E-08,1.154373687,2.37E-08,1.157388621,2.97E-08,,,,,
1.253291294,1.39E-07,1.198550851,8.31E-08,1.188003489,3.04E-08,1.176334807,2.54E-08,1.178122836,3.38E-08,1.160890691,2.06E-08,1.166768186,3.02E-08,1.160086138,2.66E-08,1.159917846,1.36E-07,1.16288894,3.69E-08,,,,,
1.258881177,1.73E-07,1.203649367,3.85E-08,1.193325033,3.75E-08,1.181645699,3.13E-08,1.182680234,4.08E-08,1.166187977,2.54E-08,1.172322884,1.67E-07,1.165135246,3.24E-08,1.165462004,3.83E-08,1.168389259,4.58E-08,,,,,
1.264471061,7.19E-07,1.208747884,9.18E-08,1.198646577,4.63E-08,1.186956591,3.87E-08,1.187237632,4.88E-08,1.171485264,3.13E-08,1.177877582,4.88E-08,1.170184353,3.95E-08,1.170028207,4.38E-08,1.173889578,5.70E-08,,,,,
1.270060944,2.80E-07,1.2138464,5.74E-08,1.203968121,5.71E-08,1.192267484,1.96E-07,1.19179503,5.85E-08,1.17678255,3.86E-08,1.182443198,5.58E-08,1.17523346,4.83E-08,1.17459441,5.30E-08,1.179389896,7.08E-08,,,,,
1.27464613,3.22E-07,1.218944917,1.59E-07,1.209289665,7.05E-08,1.197578376,6.10E-08,1.196352428,1.50E-07,1.182079836,4.75E-08,1.187008814,6.74E-08,1.180282567,5.89E-08,1.179160613,6.34E-08,1.184890215,8.79E-08,,,,,
1.279231316,3.89E-07,1.224043433,8.65E-08,1.214611209,2.96E-07,1.20217248,-3.06E-09,1.200909826,8.57E-08,1.187377122,1.95E-07,1.191574431,8.08E-08,1.185331675,1.80E-07,1.183726816,7.60E-08,1.190390534,2.76E-07,,,,,
1.283816502,4.66E-07,1.229141949,1.77E-07,1.219932753,1.11E-07,1.208316442,8.81E-08,1.205467224,8.73E-08,1.192674408,7.49E-08,1.196140047,9.68E-08,1.190380782,9.06E-08,1.188293019,1.62E-07,1.195890852,1.41E-07,,,,,
1.288401688,5.58E-07,1.234273055,1.29E-07,1.224530004,2.71E-08,1.214460404,1.14E-07,1.210954872,1.24E-07,1.1972745,2.02E-08,1.200705663,2.01E-07,1.194924978,6.21E-08,1.192859222,1.11E-07,1.200459318,7.72E-08,,,,,
1.292986874,1.01E-06,1.239404161,1.56E-07,1.230681988,1.61E-07,1.21998997,1.42E-07,1.216442519,1.54E-07,1.203384818,1.08E-07,1.205271279,1.42E-07,1.200769936,1.30E-07,1.197425425,1.20E-07,1.20959625,6.22E-07,,,,,
1.29757206,8.18E-07,1.244535267,1.91E-07,1.236833971,2.09E-07,1.225519535,1.77E-07,1.221930167,1.91E-07,1.209495136,1.40E-07,1.209836895,1.54E-07,1.206614893,1.66E-07,1.202900286,1.61E-07,1.214083246,3.04E-07,,,,,
1.302157246,9.20E-07,1.249666373,2.34E-07,1.242370756,2.60E-07,1.231049101,2.20E-07,1.227417814,2.38E-07,1.214994423,1.74E-07,1.215314499,2.05E-07,1.211875355,2.05E-07,1.208375146,2.00E-07,1.218121542,6.26E-08,,,,,
1.307721512,1.19E-06,1.254797479,2.87E-07,1.247907541,3.23E-07,1.236578667,2.74E-07,1.232905462,2.95E-07,1.220493709,2.16E-07,1.220792104,2.55E-07,1.217135816,2.52E-07,1.213850007,2.48E-07,1.226198134,3.01E-07,,,,,
1.313285779,1.48E-06,1.259928585,3.51E-07,1.253444326,4.02E-07,1.242108233,3.41E-07,1.238393109,3.66E-07,1.225992995,2.69E-07,1.226269708,3.16E-07,1.222396278,3.10E-07,1.219324867,3.08E-07,1.231286415,5.41E-07,,,,,
1.318850045,1.84E-06,1.265059691,8.01E-07,1.258981111,5.00E-07,1.247637799,4.24E-07,1.243880757,4.54E-07,1.231492282,3.34E-07,1.231747312,3.92E-07,1.227656739,3.81E-07,1.224799727,3.82E-07,1.236374696,6.70E-07,,,,,
1.324414311,2.29E-06,1.270190797,5.43E-07,1.264517896,6.22E-07,1.253167365,9.45E-07,1.249368404,5.64E-07,1.236991568,4.14E-07,1.237224916,4.86E-07,1.232917201,4.68E-07,1.230274588,4.73E-07,1.241462978,8.15E-07,,,,,
1.329978577,2.85E-06,1.274808793,4.97E-07,1.270054681,7.73E-07,1.258696931,6.80E-07,1.254856052,1.11E-06,1.242490854,5.14E-07,1.24270252,6.03E-07,1.238177663,5.76E-07,1.235749448,5.87E-07,1.246551259,9.94E-07,,,,,
1.335542843,3.54E-06,1.280686318,7.85E-07,1.275591466,1.54E-06,1.263307194,7.14E-07,1.260343699,8.99E-07,1.24799014,6.38E-07,1.248180124,7.47E-07,1.243438124,7.08E-07,1.241224309,7.27E-07,1.25163954,1.21E-06,,,,,
1.341107109,4.40E-06,1.286563843,1.00E-06,1.281128251,1.24E-06,1.268889321,9.69E-07,1.264985871,9.78E-07,1.253489427,7.92E-07,1.253657728,9.26E-07,1.248698586,1.19E-06,1.246699169,1.27E-06,1.256727821,1.48E-06,,,,,
1.346671375,7.01E-06,1.292441368,1.26E-06,1.285754155,1.34E-06,1.274471448,1.21E-06,1.270571423,1.29E-06,1.258988713,1.43E-06,1.259135333,1.59E-06,1.253959048,1.10E-06,1.252174029,1.16E-06,1.261816102,2.12E-06,,,,,
1.352235642,7.00E-06,1.298318892,1.58E-06,1.29136593,1.77E-06,1.280053576,1.51E-06,1.276156975,1.61E-06,1.264487999,1.26E-06,1.264612937,1.47E-06,1.258653464,1.18E-06,1.256824772,1.21E-06,1.266904383,2.25E-06,,,,,
1.356978874,8.04E-06,1.304196417,1.99E-06,1.296977705,2.22E-06,1.285635703,1.88E-06,1.281742527,2.00E-06,1.269126874,1.29E-06,1.269269499,1.55E-06,1.264553183,1.59E-06,1.262948133,1.67E-06,1.271483836,2.59E-06,,,,,
1.362704986,1.01E-05,1.310073942,2.51E-06,1.30258948,2.76E-06,1.29121783,2.33E-06,1.287328079,2.49E-06,1.275298042,1.83E-06,1.275385596,2.13E-06,1.270452902,2.02E-06,1.269071495,2.15E-06,1.277166706,3.24E-06,,,,,
1.368431098,1.27E-05,1.315951467,3.16E-06,1.308201255,3.43E-06,1.296799957,2.90E-06,1.292913631,3.09E-06,1.28146921,2.35E-06,1.281501694,2.73E-06,1.276352621,2.54E-06,1.27458252,2.66E-06,1.282849576,4.04E-06,,,,,
1.37415721,1.58E-05,1.321828992,3.97E-06,1.31381303,4.27E-06,1.302382084,3.60E-06,1.298499183,3.83E-06,1.287023261,2.93E-06,1.287006181,3.39E-06,1.282252339,3.20E-06,1.280093545,3.29E-06,1.288532445,5.02E-06,,,,,
1.379883322,1.97E-05,1.327706517,4.98E-06,1.319424805,5.30E-06,1.307964211,4.47E-06,1.304084735,4.75E-06,1.292577312,3.63E-06,1.292510668,4.19E-06,1.288152058,4.01E-06,1.28560457,4.07E-06,1.294215315,6.24E-06,,,,,
1.385609434,2.45E-05,1.333584042,7.87E-06,1.32503658,6.58E-06,1.313546338,5.54E-06,1.309670287,5.89E-06,1.298131363,4.49E-06,1.298015156,5.17E-06,1.294051777,5.03E-06,1.291115595,5.03E-06,1.299898185,7.73E-06,,,,,
1.391335546,3.04E-05,1.339461567,8.14E-06,1.330648355,8.17E-06,1.319128465,7.92E-06,1.315255839,7.29E-06,1.303685415,5.56E-06,1.303519643,6.38E-06,1.299951495,6.30E-06,1.29662662,6.20E-06,1.305581054,9.57E-06,,,,,
1.397061658,3.77E-05,1.344172692,9.29E-06,1.33626013,1.01E-05,1.324710592,8.77E-06,1.320841391,1.01E-05,1.309239466,6.87E-06,1.309024131,7.86E-06,1.305851214,7.88E-06,1.302137645,7.64E-06,1.311263924,1.18E-05,,,,,
1.402787769,4.66E-05,1.349974421,1.17E-05,1.341871905,1.40E-05,1.329517578,1.02E-05,1.326426943,1.15E-05,1.314793517,8.49E-06,1.314528618,9.69E-06,1.311750933,9.84E-06,1.30764867,9.41E-06,1.316946794,1.46E-05,,,,,
1.408513881,6.10E-05,1.35577615,1.47E-05,1.34748368,1.59E-05,1.335303092,1.27E-05,1.331316501,1.35E-05,1.320347568,1.05E-05,1.320033106,1.19E-05,1.317650651,1.23E-05,1.313159695,1.16E-05,1.322629663,1.80E-05,,,,,
1.414239993,7.26E-05,1.361577878,1.83E-05,1.352370066,1.87E-05,1.341088606,1.58E-05,1.337136837,1.66E-05,1.32590162,1.29E-05,1.325537593,1.46E-05,1.32355037,1.65E-05,1.31867072,1.50E-05,1.328312533,2.22E-05,,,,,
1.419393494,8.65E-05,1.367379607,2.28E-05,1.358217624,2.31E-05,1.34687412,1.96E-05,1.342957172,2.07E-05,1.331455671,1.69E-05,1.33104208,1.89E-05,1.329450089,1.95E-05,1.324181745,1.78E-05,1.333995403,2.82E-05,,,,,
1.425481158,1.07E-04,1.373181336,2.83E-05,1.364065183,2.88E-05,1.352659633,2.43E-05,1.348777507,2.56E-05,1.337009722,2.00E-05,1.336546568,2.24E-05,1.334494699,2.31E-05,1.329141668,2.11E-05,1.339678272,3.39E-05,,,,,
1.431568821,1.32E-04,1.378983065,3.51E-05,1.369912742,3.57E-05,1.358445147,3.01E-05,1.354597842,3.17E-05,1.342008368,2.38E-05,1.341500607,2.67E-05,1.340473979,2.84E-05,1.334894079,2.58E-05,1.344792855,4.03E-05,,,,,
1.437656485,1.64E-04,1.384784794,4.35E-05,1.375760301,4.42E-05,1.364230661,3.72E-05,1.360418178,3.91E-05,1.347774721,2.90E-05,1.34725837,3.25E-05,1.34645326,3.52E-05,1.34064649,3.16E-05,1.350885386,4.94E-05,,,,,
1.443744149,2.02E-04,1.390586523,5.37E-05,1.38160786,5.46E-05,1.370016175,4.58E-05,1.366238513,4.82E-05,1.353541074,3.57E-05,1.353016134,3.98E-05,1.35243254,4.34E-05,1.346398902,3.87E-05,1.356977917,6.07E-05,,,,,
1.449831813,2.48E-04,1.396388251,6.63E-05,1.387455418,6.73E-05,1.375801689,5.63E-05,1.372058848,5.92E-05,1.359307426,4.38E-05,1.358773898,4.87E-05,1.358411821,5.35E-05,1.352151313,4.73E-05,1.363070448,7.45E-05,,,,,
1.455919476,3.03E-04,1.40218998,8.16E-05,1.393302977,8.27E-05,1.381587203,6.91E-05,1.377879184,7.25E-05,1.365073779,5.37E-05,1.364531662,5.96E-05,1.364391101,6.58E-05,1.357903724,5.77E-05,1.369162979,9.11E-05,,,,,
1.46200714,3.70E-04,1.407991709,1.03E-04,1.399150536,1.01E-04,1.387372717,8.45E-05,1.383699519,8.85E-05,1.370840132,6.56E-05,1.370289425,7.26E-05,1.370370382,8.05E-05,1.363656135,7.02E-05,1.375255509,1.11E-04,,,,,
1.468094804,4.48E-04,1.413793438,1.24E-04,1.404998095,1.24E-04,1.39315823,1.05E-04,1.389519854,1.10E-04,1.376606484,8.00E-05,1.376047189,8.82E-05,1.376349662,9.82E-05,1.369408546,8.51E-05,1.38134804,1.35E-04,,,,,
1.474182468,5.41E-04,1.419014994,1.48E-04,1.410845654,1.53E-04,1.398943744,1.27E-04,1.395340189,1.32E-04,1.382372837,9.72E-05,1.381804953,1.07E-04,1.382328943,1.19E-04,1.375160958,1.03E-04,1.387440571,1.63E-04,,,,,
1.480270132,6.54E-04,1.425318599,1.82E-04,1.416693213,1.85E-04,1.404729258,1.53E-04,1.401160525,1.60E-04,1.388139189,1.18E-04,1.387562717,1.29E-04,1.388308223,1.45E-04,1.380913369,1.25E-04,1.393533102,1.96E-04,,,,,
1.486357795,7.79E-04,1.431622204,2.24E-04,1.422540771,2.23E-04,1.410785154,1.86E-04,1.407304512,1.94E-04,1.393905542,1.42E-04,1.39332048,1.56E-04,1.394287504,1.76E-04,1.38666578,1.49E-04,1.399625633,2.35E-04,,,,,
1.492445459,9.25E-04,1.43792581,2.74E-04,1.428740715,2.71E-04,1.41684105,2.26E-04,1.4134485,2.34E-04,1.399671895,1.72E-04,1.399078244,1.87E-04,1.400266784,2.11E-04,1.392418191,1.79E-04,1.405718164,2.81E-04,,,,,
1.499422642,0.001115579,1.444229415,3.35E-04,1.43494066,3.27E-04,1.422843502,2.72E-04,1.419592487,2.81E-04,1.405438247,2.06E-04,1.404836008,2.23E-04,1.406246065,2.52E-04,1.398820034,2.16E-04,1.411810695,3.33E-04,,,,,
1.506399826,0.001334936,1.45053302,4.07E-04,1.441140604,3.94E-04,1.428845954,3.27E-04,1.425736475,3.38E-04,1.4112046,2.46E-04,1.411299393,2.70E-04,1.412861439,3.05E-04,1.405221877,2.61E-04,1.417903226,3.94E-04,,,,,
1.513377009,0.001585401,1.456836626,4.92E-04,1.447340548,4.73E-04,1.435192167,3.99E-04,1.431880462,4.04E-04,1.417673984,2.98E-04,1.417762778,3.25E-04,1.419476814,3.67E-04,1.411623719,3.13E-04,1.425103567,4.77E-04,,,,,
1.520354192,0.001867498,1.463140231,5.93E-04,1.453540492,5.65E-04,1.44153838,4.76E-04,1.43802445,4.80E-04,1.424143367,3.58E-04,1.424226163,3.90E-04,1.426092189,4.40E-04,1.418025562,3.74E-04,1.432303908,5.73E-04,,,,,
1.527331376,0.002182978,1.469443836,7.10E-04,1.459740436,6.72E-04,1.447249972,5.57E-04,1.444168437,5.69E-04,1.430612751,4.30E-04,1.430689548,4.66E-04,1.432707564,5.24E-04,1.424427405,4.45E-04,1.439504249,6.85E-04,,,,,
1.534308559,0.002525623,1.475747441,8.45E-04,1.46594038,7.95E-04,1.455003764,6.85E-04,1.450312425,6.71E-04,1.437082134,5.14E-04,1.437152933,5.54E-04,1.439322938,6.22E-04,1.430829247,5.26E-04,1.44670459,8.14E-04,,,,,
1.541285742,0.002895269,1.482051047,0.001000731,1.472140324,9.36E-04,1.462757556,8.38E-04,1.456456412,7.88E-04,1.443551517,6.11E-04,1.443616318,6.55E-04,1.445938313,7.34E-04,1.43723109,6.21E-04,1.453904931,9.62E-04,,,,,
1.555240109,0.003687608,1.488354652,0.001178648,1.478340269,0.001098714,1.470511348,0.001019402,1.4626004,9.20E-04,1.450020901,7.22E-04,1.450079703,7.72E-04,1.452553688,8.64E-04,1.443632933,7.28E-04,1.461105273,0.001131037,,,,,
1.569194476,0.004507163,1.494658257,0.001382043,1.484540213,0.001280598,1.47826514,0.001231025,1.470204837,0.001106582,1.456490284,8.50E-04,1.456543088,9.04E-04,1.459169063,0.001009216,1.450034776,8.49E-04,1.468305614,0.001323443,,,,,
1.583148842,0.005267319,1.500961863,0.001609428,1.490740157,0.00148605,1.486018933,0.001476207,1.477809274,0.001322128,1.462959668,9.96E-04,1.463006473,0.001054531,1.465784437,0.001174285,1.458151594,0.00102535,1.475505955,0.001540079,,,,,
1.597103209,0.005859148,1.507265468,0.001864612,1.498700445,0.001783865,1.493772725,0.001757934,1.485413711,0.001569678,1.469429051,0.001160186,1.471130261,0.001269354,1.474200791,0.001413179,1.466268412,0.001229261,1.482706296,0.001784151,,,,,
1.611057576,0.00616903,1.515614829,0.002243939,1.506660734,0.002124884,1.501526517,0.00207922,1.493018148,0.001852101,1.475898435,0.001345884,1.479254049,0.001517385,1.482617145,0.001688843,1.474385231,0.001464234,1.492004777,0.002142439,,,,,
1.623616505,0.0061258,1.52396419,0.002677229,1.514621023,0.00251234,1.509280309,0.002443057,1.500622586,0.00217229,1.484216163,0.001616628,1.487377837,0.001802144,1.491033498,0.00200524,1.482502049,0.001733446,1.501303258,0.002555523,,,,,
1.636175435,0.005748904,1.533351663,0.003224041,1.522581311,0.002948832,1.517034101,0.002852381,1.508227023,0.002533196,1.49253389,0.001928121,1.495501625,0.002127168,1.499449852,0.002366452,1.490618867,0.002040286,1.510601738,0.003029827,,,,,
1.647478472,0.005140023,1.542739137,0.003839128,1.5305416,0.003436455,1.524787894,0.003310022,1.51583146,0.002937835,1.500851618,0.002284433,1.503625412,0.002496177,1.507866205,0.002776856,1.498735686,0.002388425,1.519900219,0.003572338,,,,,
1.658781509,0.004342871,1.553932282,0.004648684,1.538501888,0.003976731,1.532541686,0.003818645,1.523435897,0.003389263,1.509169346,0.002689629,1.5117492,0.002913133,1.516282559,0.003241186,1.506852504,0.002781856,1.5291987,0.004190773,,,,,
1.670084546,0.003454304,1.565125428,0.005534172,1.546462177,0.004570455,1.540295478,0.004381112,1.531040334,0.003890557,1.517487074,0.003147924,1.519872988,0.003382263,1.524698912,0.003764564,1.514969322,0.003224934,1.538497181,0.004893648,,,,,
1.681387583,0.002585468,1.587511719,0.007426054,1.554422465,0.005217523,1.54804927,0.004998685,1.538644771,0.004444763,1.525804802,0.003663723,1.527996776,0.003908067,1.533115266,0.004352515,1.523086141,0.003722399,1.547795661,0.005690288,,,,,
1.69269062,0.001836063,1.607621517,0.009062266,1.562382754,0.005916607,1.555803062,0.005673592,1.546249209,0.005054845,1.53412253,0.004241605,1.536120564,0.004495304,1.541531619,0.005010956,1.531202959,0.004279398,1.557094142,0.006590797,,,,,
1.703993657,0.001269253,1.627731315,0.010301982,1.578303331,0.007454802,1.571310647,0.007193791,1.553853646,0.005723567,1.542440257,0.004886276,1.544244352,0.005148962,1.549947973,0.005746156,1.539319777,0.004901494,1.566392623,0.007605955,,,,,
1.715296694,8.97E-04,1.645830133,0.010747254,1.594223908,0.009146968,1.585014634,0.008729881,1.561458083,0.006453389,1.550757985,0.005602479,1.552368139,0.005874198,1.558364326,0.006564666,1.547436596,0.005594646,1.575691104,0.008747051,,,,,
1.725469428,7.11E-04,1.662119069,0.010381014,1.610144485,0.010908639,1.598718621,0.0104208,1.576666957,0.008101127,1.559075713,0.006394876,1.560491927,0.006676224,1.56678068,0.007473197,1.555553414,0.006365191,1.584989584,0.010025604,,,,,
1.735642161,6.17E-04,1.676779112,0.009361405,1.626065062,0.012594438,1.612422607,0.012232156,1.590354944,0.009804573,1.567393441,0.007267846,1.568615715,0.007560216,1.575197034,0.008478421,1.563670232,0.007219746,1.594288065,0.01145296,,,,,
1.745814894,5.75E-04,1.68997315,0.007949095,1.641898749,0.0139974,1.639830581,0.015885451,1.604042931,0.011707792,1.575711169,0.008225267,1.576739503,0.008531078,1.583613387,0.009586801,1.571787051,0.008165126,1.603586546,0.013039729,,,,,
1.755987627,5.56E-04,1.703167189,0.006245385,1.657732436,0.014892855,1.667238555,0.018737464,1.617730918,0.013786765,1.584028896,0.009270171,1.584863291,0.00959319,1.592029741,0.010804196,1.579903869,0.00920819,1.612885027,0.014794868,,,,,
1.766160361,5.45E-04,1.716361227,0.004488542,1.673566123,0.015035004,1.689751685,0.019443309,1.631418905,0.015975023,1.600664352,0.011624339,1.601110866,0.012000939,1.600446094,0.012135454,1.588020687,0.010355632,1.622183507,0.016725051,,,,,
1.776333094,5.13E-04,1.729555265,0.002927584,1.68939981,0.014235222,1.709647107,0.018153117,1.645106892,0.018178754,1.615636262,0.014037949,1.615733685,0.014498885,1.617278801,0.015146579,1.596137506,0.0116137,1.631481988,0.018833101,,,,,
1.796678561,5.06E-04,1.742749304,0.001746999,1.703650128,0.012658067,1.72664056,0.015477108,1.672482865,0.02205011,1.630608172,0.016688518,1.630356503,0.017291144,1.632428238,0.018250694,1.612371143,0.014478845,1.65007895,0.023558124,,,,,
1.817024027,4.97E-04,1.755943342,0.001009915,1.717900446,0.010408659,1.741934668,0.012106214,1.695147503,0.023724995,1.645580082,0.019492551,1.644979321,0.020326774,1.647577674,0.02168005,1.626981416,0.017473183,1.666816215,0.028315708,,,,,
1.837369494,4.87E-04,1.76754458,6.95E-04,1.732150764,0.007786599,1.755699364,0.008754125,1.715545677,0.023109873,1.675523902,0.024850276,1.659602139,0.023492117,1.66272711,0.025332741,1.641591689,0.020851813,1.68355348,0.033316148,,,,,
1.85771496,4.81E-04,1.777985693,5.88E-04,1.746401082,0.005200843,1.769464061,0.005623211,1.724323223,0.02206183,1.695065575,0.027315079,1.674224957,0.026591459,1.693025983,0.032392165,1.656201962,0.024571534,1.700290746,0.038172717,,,,,
1.878060427,4.78E-04,1.788426807,5.57E-04,1.7606514,0.003049271,1.783228758,0.003151088,1.733100769,0.020590843,1.714607248,0.028049476,1.693652679,0.030128211,1.713188852,0.035757609,1.670812235,0.028501055,1.719251337,0.042769928,,,,,
1.898405893,4.68E-04,1.798867921,5.53E-04,1.774901719,0.001575886,1.796993455,0.001544568,1.74100056,0.018926201,1.732194753,0.026608228,1.713080402,0.032234805,1.733351721,0.03676936,1.685422508,0.032442376,1.738211929,0.045332215,,,,,
1.91875136,4.50E-04,1.809309035,5.21E-04,1.787618656,8.71E-04,1.809283765,8.22E-04,1.748110372,0.017194569,1.748023508,0.02340728,1.732508124,0.03200516,1.751498303,0.034771798,1.714643054,0.039119214,1.75717252,0.044682386,,,,,
1.939096826,4.68E-04,1.819750149,5.27E-04,1.7990639,6.11E-04,1.820345044,5.79E-04,1.755220184,0.015316627,1.763852263,0.018700268,1.74276883,0.030674571,1.767830227,0.030332277,1.738278093,0.041311993,1.767369951,0.04268137,,,,,
1.959442293,4.44E-04,1.840632376,5.24E-04,1.810509143,5.38E-04,1.831406324,5.24E-04,1.761619015,0.013536251,1.778098142,0.013754524,1.753029536,0.028556096,1.782528959,0.024514672,1.759549628,0.039049875,1.777567382,0.039596332,,,,,
1.97978776,3.88E-04,1.861514604,5.41E-04,1.821954387,5.38E-04,1.842467603,5.35E-04,1.767377962,0.011905269,1.792344022,0.008935094,1.762264172,0.026008608,1.79722769,0.017805608,1.767738572,0.036889715,1.78674507,0.035945214,,,,,
1.999499,4.61E-04,1.903279059,5.10E-04,1.833399631,5.51E-04,1.853528882,4.69E-04,1.77313691,0.010306886,1.806589901,0.004969372,1.770546136,0.023288649,1.811926422,0.011289256,1.775927516,0.034122079,1.794997925,0.03207469,,,,,
1.999501,4.71E-04,1.940867069,5.01E-04,1.844844874,4.95E-04,1.87565144,5.33E-04,1.778319963,0.008911664,1.82083578,0.002289576,1.777862172,0.020626694,1.826625153,0.005996393,1.78411646,0.030839237,1.802284813,0.028313041,,,,,
1.998501,4.68E-04,1.978455079,3.83E-04,1.867735362,5.20E-04,1.897773999,5.39E-04,1.783503016,0.007600568,1.833657072,0.00102449,1.784446605,0.018107821,1.841323885,0.002517437,1.800494347,0.022805938,1.808843011,0.024771539,,,,,
1.996500999,4.57E-04,1.999499,4.23E-04,1.890625849,5.24E-04,1.942019116,5.26E-04,1.788686069,0.006394214,1.845196234,5.84E-04,1.790372595,0.015807566,1.854152041,0.00101075,1.816872235,0.014370411,1.81474539,0.021550458,,,,,
1.992501,4.51E-04,1.999501,5.29E-04,1.913516337,5.64E-04,1.977557313,4.89E-04,1.799052175,0.004152756,1.856735396,4.84E-04,1.795705985,0.013761094,1.865697382,5.28E-04,1.833250122,0.007276527,1.820057531,0.018694582,,,,,
1.984500999,4.54E-04,1.998501,5.37E-04,1.959297311,5.13E-04,1.999499,4.57E-04,1.80838167,0.002599799,1.868274559,5.07E-04,1.801039376,0.011803765,1.877242723,4.45E-04,1.84962801,0.002653024,1.825369671,0.015971682,,,,,
1.968500999,4.60E-04,1.996500999,4.33E-04,1.999499,5.04E-04,1.999501,5.06E-04,1.819349436,0.001403338,1.879813721,5.46E-04,1.806372767,0.009971937,1.888788064,4.92E-04,1.863048617,9.10E-04,1.830681812,0.013431125,,,,,
1.952501,4.56E-04,1.992501,2.77E-04,1.999501,5.04E-04,1.998501,5.17E-04,1.830317202,7.87E-04,1.902892046,5.68E-04,1.817039548,0.006500968,1.900333405,5.47E-04,1.875127164,4.24E-04,1.841306094,0.0086356,,,,,
1.936501,4.50E-04,1.984500999,3.42E-04,1.998501,5.00E-04,1.996500999,4.92E-04,1.841284967,5.54E-04,1.949048695,5.38E-04,1.826639651,0.004019004,1.923424087,5.85E-04,1.887205711,3.93E-04,1.850867947,0.005246767,,,,,
1.904500999,4.31E-04,1.968500999,4.85E-04,1.996500999,5.00E-04,1.992501,4.32E-04,1.852252733,5.13E-04,1.995205344,4.50E-04,1.837714971,0.002077379,1.969605451,5.01E-04,1.899284258,4.83E-04,1.861834553,0.002609808,,,,,
1.872501,4.00E-04,1.954100999,4.93E-04,1.992501,5.10E-04,1.984500999,4.47E-04,1.863220499,5.30E-04,1.999499,4.81E-04,1.848790292,0.001019762,1.999499,5.67E-04,1.923441352,5.98E-04,1.872801158,0.001174032,,,,,
1.808501,4.27E-04,1.939701,4.84E-04,1.984500999,5.06E-04,1.968500999,4.85E-04,1.874188265,5.40E-04,1.999501,5.04E-04,1.859865612,5.84E-04,1.999501,5.37E-04,1.97175554,6.29E-04,1.883767764,5.84E-04,,,,,
1.750901,3.78E-04,1.925300999,4.75E-04,1.968500999,4.98E-04,1.936501,4.97E-04,1.896123796,5.38E-04,1.998501,5.10E-04,1.870940933,4.85E-04,1.998501,5.16E-04,1.999499,5.02E-04,1.894734369,4.51E-04,,,,,
1.693300999,3.14E-04,1.896501,4.65E-04,1.952501,4.93E-04,1.907701,4.80E-04,1.939994859,4.93E-04,1.996500999,5.04E-04,1.882016253,5.06E-04,1.996500999,5.10E-04,1.999501,5.09E-04,1.905700975,4.83E-04,,,,,
1.66394545,1.78E-04,1.867700999,4.47E-04,1.936501,4.88E-04,1.878900999,4.53E-04,1.983865922,5.16E-04,1.992501,4.83E-04,1.893091573,5.28E-04,1.992501,5.39E-04,1.998501,5.08E-04,1.91666758,5.18E-04,,,,,
1.634589901,-9.84E-05,1.838901,4.15E-04,1.904500999,4.69E-04,1.850100999,4.19E-04,1.999499,5.56E-04,1.984500999,4.85E-04,1.915242214,5.44E-04,1.984500999,5.32E-04,1.996500999,5.06E-04,1.938600791,5.54E-04,,,,,
1.610322525,-5.47E-04,1.781300999,4.29E-04,1.872501,4.37E-04,1.792501,4.20E-04,1.999501,5.18E-04,1.968500999,4.93E-04,1.959543496,5.37E-04,1.968500999,5.05E-04,1.992501,5.04E-04,1.982467214,5.06E-04,,,,,
1.590347489,-0.001150446,1.732466468,3.74E-04,1.808501,4.48E-04,1.740661,3.11E-04,1.998501,5.00E-04,1.936501,4.82E-04,1.999499,6.31E-04,1.936501,4.74E-04,1.984500999,5.02E-04,1.999499,4.80E-04,,,,,
1.572858253,-0.001886267,1.683631937,2.13E-04,1.744500999,3.79E-04,1.688820999,-4.33E-06,1.996500999,5.13E-04,1.904500999,4.44E-04,1.999501,5.56E-04,1.872501,4.78E-04,1.968500999,4.96E-04,1.999501,4.98E-04,,,,,
1.557117941,-0.002684925,1.656365765,-2.14E-05,1.700216733,2.37E-04,1.662901,-2.30E-04,1.992501,5.69E-04,1.840501,4.66E-04,1.998501,5.15E-04,1.808501,3.63E-04,1.936501,4.77E-04,1.998501,5.04E-04,,,,,
1.54137763,-0.00349439,1.629099592,-4.64E-04,1.66996363,1.54E-05,1.636981,-6.78E-04,1.984500999,5.54E-04,1.790186387,3.75E-04,1.996500999,5.14E-04,1.744500999,1.77E-04,1.872501,4.75E-04,1.996500999,5.05E-04,,,,,
1.525637318,-0.004089006,1.605035323,-0.001178074,1.639710528,-4.29E-04,1.611060999,-0.00154084,1.968500999,5.08E-04,1.739871775,2.25E-04,1.992501,5.94E-04,1.704545678,4.65E-05,1.808501,3.57E-04,1.992501,4.95E-04,,,,,
1.516042952,-0.004199667,1.584631378,-0.002162106,1.622461032,-8.76E-04,1.587733,-0.002926355,1.936501,4.99E-04,1.689557162,-9.44E-05,1.984500999,5.78E-04,1.664590356,-3.34E-04,1.744500999,1.68E-04,1.984500999,4.94E-04,,,,,
1.506448586,-0.004055951,1.566267828,-0.003441459,1.605211536,-0.001541914,1.568339486,-0.00475898,1.904500999,4.77E-04,1.664399856,-3.39E-04,1.968500999,5.16E-04,1.624635035,-0.001349693,1.70339036,2.21E-05,1.968500999,4.94E-04,,,,,
1.497813657,-0.003695542,1.549740633,-0.004931148,1.58968699,-0.002404143,1.551647879,-0.007004749,1.872501,4.43E-04,1.63924255,-8.11E-04,1.936501,4.68E-04,1.600011166,-0.002686055,1.662279721,-4.00E-04,1.936501,4.77E-04,,,,,
1.489178728,-0.003157221,1.533213437,-0.006631737,1.575714898,-0.003462184,1.537525248,-0.00946519,1.808501,3.36E-04,1.614085244,-0.001701912,1.872501,4.80E-04,1.575387297,-0.005050585,1.621169081,-0.001548884,1.872501,4.72E-04,,,,,
1.481407292,-0.002584646,1.516686242,-0.008226311,1.563140015,-0.004692917,1.525776976,-0.011890883,1.744500999,1.62E-04,1.588927938,-0.003328491,1.814901,3.83E-04,1.553225815,-0.008622717,1.596260025,-0.003055991,1.808501,3.20E-04,,,,,
1.473635856,-0.002011372,1.500159047,-0.00914573,1.551822621,-0.006052049,1.515203531,-0.014287183,1.709777395,1.20E-04,1.567182136,-0.005715557,1.757301,2.34E-04,1.533691773,-0.01345244,1.571350968,-0.005740994,1.765717034,3.08E-04,,,,,
1.46586442,-0.001510248,1.485284571,-0.008825211,1.540505227,-0.007647466,1.504630086,-0.016727709,1.67505379,-9.42E-05,1.548670035,-0.008814428,1.699701,-5.97E-05,1.516348173,-0.019435762,1.548932817,-0.009822675,1.722933068,1.88E-04,,,,,
1.458092984,-0.001127402,1.480280221,-0.008388858,1.529187832,-0.009436201,1.49405664,-0.018958454,1.640330185,-6.52E-04,1.532280341,-0.012620863,1.670901,-2.90E-04,1.500800591,-0.026236437,1.529159714,-0.01537478,1.680149102,-1.17E-04,,,,,
1.451716075,-9.16E-04,1.475275872,-0.007817532,1.517870438,-0.01131034,1.483483195,-0.020621004,1.609078941,-0.001773763,1.517529617,-0.01699348,1.642100999,-7.91E-04,1.486807767,-0.033233679,1.511440666,-0.02235491,1.656757733,-4.74E-04,,,,,
1.446225653,-7.96E-04,1.470771958,-0.00719696,1.506553044,-0.013074163,1.47290975,-0.021288523,1.583300807,-0.00356208,1.502778893,-0.022140088,1.613301,-0.00182956,1.472814942,-0.040274431,1.495493522,-0.03035296,1.633366364,-0.001080523,,,,,
1.441301437,-7.22E-04,1.466718434,-0.00656845,1.494436454,-0.014505549,1.462336305,-0.020565024,1.561887594,-0.006039121,1.489503241,-0.027044277,1.584501,-0.003896016,1.458822118,-0.045926716,1.481141093,-0.038574109,1.612314133,-0.002000661,,,,,
1.436869643,-6.74E-04,1.463093605,-0.005964996,1.482319864,-0.015027093,1.457333061,-0.019671398,1.543664393,-0.009148405,1.476227589,-0.031453067,1.561213795,-0.006897718,1.452355365,-0.047447442,1.466788664,-0.046753752,1.595255831,-0.003167701,,,,,
1.432437848,-6.37E-04,1.459859024,-0.005406045,1.470203274,-0.014233715,1.452329816,-0.018450636,1.527668415,-0.012776945,1.469261556,-0.033170566,1.540991117,-0.011000265,1.445888611,-0.047970577,1.452436235,-0.05306395,1.580911925,-0.0045805,,,,,
1.428006054,-6.06E-04,1.456947902,-0.004896921,1.465482863,-0.013516307,1.447826896,-0.017085231,1.513426197,-0.016673965,1.462295522,-0.034220482,1.524077334,-0.015836473,1.44043705,-0.047474493,1.445389837,-0.054616042,1.568775423,-0.006197018,,,,,
1.423574259,-5.80E-04,1.454327891,-0.004441308,1.460762452,-0.01260211,1.443774268,-0.015669614,1.5006082,-0.020489976,1.455329489,-0.034400547,1.509317113,-0.021202025,1.434985489,-0.046112122,1.439250948,-0.054737896,1.558076665,-0.008034245,,,,,
1.419142465,-5.59E-04,1.451969882,-0.004038816,1.456514082,-0.011623009,1.440126903,-0.014274563,1.487790204,-0.024134124,1.448363456,-0.033540859,1.496032914,-0.026794224,1.430956036,-0.044485481,1.43408606,-0.053901078,1.548509986,-0.01007942,,,,,
1.41471067,-5.40E-04,1.449611873,-0.00365181,1.452690549,-0.010636803,1.436844274,-0.0129484,1.478694435,-0.026207689,1.441397422,-0.03154419,1.482748715,-0.032639118,1.426926583,-0.042365489,1.430199388,-0.052640718,1.539899975,-0.012304844,,,,,
1.410278876,-5.24E-04,1.447489664,-0.003316604,1.449249369,-0.009684698,1.433889908,-0.011720491,1.469598666,-0.02746961,1.434431389,-0.0284285,1.469464516,-0.037834454,1.423300075,-0.040043025,1.426701384,-0.05103517,1.532150965,-0.014664827,,,,,
1.405847081,-5.11E-04,1.445367456,-0.002999627,1.446152307,-0.008793208,1.431230979,-0.010605511,1.460502897,-0.027561115,1.427465356,-0.024359767,1.462706995,-0.039765594,1.419673566,-0.037382755,1.42355318,-0.04920871,1.525176856,-0.017110118,,,,,
1.401415287,-4.99E-04,1.443457468,-0.00272896,1.443364952,-0.007977058,1.428837943,-0.0096076,1.452316705,-0.026388978,1.420499322,-0.019659463,1.455949473,-0.040930844,1.416409709,-0.034721519,1.420404975,-0.047045037,1.518202747,-0.019880536,,,,,
1.396983492,-4.88E-04,1.441547481,-0.002476017,1.440856332,-0.007242234,1.42668421,-0.008723897,1.444130513,-0.023951432,1.413533289,-0.014772094,1.449867703,-0.04113585,1.413145852,-0.031876825,1.417256771,-0.044568779,1.511926049,-0.02266849,,,,,
1.388119903,-4.69E-04,1.439637493,-0.002241497,1.438598574,-0.006588696,1.424530478,-0.007869367,1.43594432,-0.020371719,1.406567256,-0.010187738,1.443785934,-0.040400783,1.410208381,-0.029183115,1.410960363,-0.038602692,1.50564935,-0.025735955,,,,,
1.379256314,-4.55E-04,1.435817518,-0.001799624,1.436340816,-0.005954954,1.422592118,-0.007125083,1.427758128,-0.016005651,1.399601222,-0.006334982,1.437704164,-0.038757167,1.407564656,-0.026687307,1.404663955,-0.031770726,1.500000322,-0.028734592,,,,,
1.370392725,-4.43E-04,1.43237954,-0.001466185,1.434308833,-0.005401712,1.420847595,-0.006479803,1.419571936,-0.011406269,1.395911666,-0.004745266,1.43283351,-0.036716912,1.405185304,-0.024412147,1.398367547,-0.024641399,1.494351294,-0.031938817,,,,,
1.361529136,-4.33E-04,1.428941563,-0.001199352,1.432276851,-0.004873664,1.419103071,-0.005866085,1.411385744,-0.007199989,1.392222111,-0.003456362,1.428449921,-0.034364081,1.402805952,-0.022153887,1.392071139,-0.017819896,1.489267168,-0.03498128,,,,,
1.352665547,-4.24E-04,1.425503585,-9.94E-04,1.430448067,-0.004418925,1.417533,-0.005338824,1.406680989,-0.005217743,1.389126223,-0.002602103,1.424504691,-0.031866994,1.400664536,-0.020141482,1.385774731,-0.011852446,1.484183043,-0.038137635,,,,,
1.343801958,-4.16E-04,1.422065608,-8.43E-04,1.428619283,-0.003989802,1.415962929,-0.004841051,1.401976233,-0.003614038,1.386339924,-0.001993346,1.420953984,-0.029356505,1.398737261,-0.018362536,1.38187039,-0.00881624,1.47960733,-0.041046758,,,,,
1.334938369,-4.09E-04,1.41862763,-7.33E-04,1.426973377,-0.003623834,1.414392858,-0.004373817,1.398098815,-0.002594985,1.383832254,-0.001560109,1.417758347,-0.026926456,1.396809985,-0.016640423,1.377966048,-0.006316697,1.475489188,-0.043687286,,,,,
1.32607478,-4.02E-04,1.415189652,-6.56E-04,1.425327472,-0.003281188,1.411252716,-0.00348704,1.394669008,-0.001905933,1.381324585,-0.001219076,1.414882275,-0.024638262,1.395075438,-0.015137751,1.374674295,-0.004635782,1.471371046,-0.046306747,,,,,
1.317211191,-3.96E-04,1.411751675,-6.02E-04,1.423681566,-0.002962394,1.408426588,-0.002793932,1.391693999,-0.001451757,1.378816916,-9.56E-04,1.412293809,-0.022527279,1.39334089,-0.013698929,1.371737806,-0.003444019,1.467664719,-0.048615931,,,,,
1.299484013,-3.85E-04,1.408313697,-5.64E-04,1.420389755,-0.002362392,1.40560046,-0.00221177,1.389016491,-0.00113971,1.376309247,-7.58E-04,1.409705344,-0.020413372,1.391779798,-0.012455286,1.369204386,-0.002627917,1.463958391,-0.050837245,,,,,
1.281756835,-3.74E-04,1.40487572,-5.36E-04,1.417427125,-0.001896114,1.402774332,-0.001737697,1.386338983,-9.02E-04,1.373801578,-6.12E-04,1.407375725,-0.018516473,1.390218705,-0.011273716,1.366924307,-0.002040761,1.460252064,-0.052929904,,,,,
1.264029657,-3.64E-04,1.401437742,-5.14E-04,1.414464495,-0.001521604,1.399948204,-0.001362571,1.383661475,-7.26E-04,1.371293908,-5.06E-04,1.405279068,-0.016831641,1.388813721,-0.010259227,1.364872237,-0.001616311,1.452839409,-0.056626942,,,,,
1.246302479,-3.55E-04,1.397999765,-4.97E-04,1.411694205,-0.00124191,1.397122076,-0.001073965,1.380983967,-5.97E-04,1.368786239,-4.32E-04,1.403182411,-0.01519612,1.387408738,-0.009300415,1.362820167,-0.001275363,1.445426754,-0.059263112,,,,,
1.228575301,-3.46E-04,1.394561787,-4.81E-04,1.408923914,-0.001022549,1.394295948,-8.58E-04,1.378306459,-5.06E-04,1.36627857,-3.80E-04,1.40129542,-0.013766357,1.386003754,-0.008398606,1.360768097,-0.001005557,1.443166497,-0.059760182,,,,,
1.193120945,-3.28E-04,1.391123809,-4.69E-04,1.406153624,-8.55E-04,1.39146982,-7.01E-04,1.375628951,-4.42E-04,1.363770901,-3.44E-04,1.399597127,-0.012522124,1.383193787,-0.006687607,1.358716027,-7.95E-04,1.44090624,-0.060108412,,,,,
1.157666588,-3.12E-04,1.384247854,-4.48E-04,1.403383334,-7.29E-04,1.388643692,-5.89E-04,1.372951443,-3.98E-04,1.361263231,-3.20E-04,1.397898835,-0.011333538,1.380664817,-0.005338795,1.356663956,-6.35E-04,1.436385725,-0.06029996,,,,,
1.122212232,-2.98E-04,1.377371899,-4.33E-04,1.400613044,-6.37E-04,1.385817564,-5.12E-04,1.370273936,-3.68E-04,1.358755562,-3.03E-04,1.396370372,-0.010308258,1.378135846,-0.004189911,1.354611886,-5.13E-04,1.431865211,-0.059770089,,,,,
1.086757876,-2.84E-04,1.370495944,-4.21E-04,1.397842754,-5.71E-04,1.382991436,-4.59E-04,1.367596428,-3.47E-04,1.356247893,-2.89E-04,1.394841909,-0.009335836,1.375606876,-0.003236592,1.352559816,-4.24E-04,1.427903827,-0.058666015,,,,,
1.015849164,-2.61E-04,1.363619989,-4.11E-04,1.395072463,-5.23E-04,1.380165308,-4.23E-04,1.36491892,-3.33E-04,1.353740224,-2.80E-04,1.393466293,-0.008502161,1.373077906,-0.002464608,1.350507746,-3.58E-04,1.424830996,-0.057368077,,,,,
1.000500999,-4.42E-04,1.356744033,-4.03E-04,1.392302173,-4.89E-04,1.37733918,-3.98E-04,1.362241412,-3.22E-04,1.348724885,-2.65E-04,1.392090676,-0.007715221,1.370548935,-0.001854462,1.348455675,-3.11E-04,1.422065449,-0.0558707,,,,,
0,0,1.349868078,-3.96E-04,1.389531883,-4.64E-04,1.374513052,-3.80E-04,1.359563904,-3.13E-04,1.343709547,-2.55E-04,1.390715059,-0.006975871,1.368272862,-0.001427618,1.346403605,-2.77E-04,1.419299901,-0.054072991,,,,,
0,0,1.342992123,-3.90E-04,1.386761593,-4.46E-04,1.371686924,-3.67E-04,1.354208888,-2.98E-04,1.338694208,-2.48E-04,1.387963826,-0.005575038,1.365996789,-0.001097118,1.344351535,-2.55E-04,1.416534354,-0.05198656,,,,,
0,0,1.329240213,-3.79E-04,1.383991302,-4.33E-04,1.368860796,-3.57E-04,1.348853872,-2.87E-04,1.33367887,-2.42E-04,1.385487716,-0.004472068,1.363720716,-8.46E-04,1.342299465,-2.39E-04,1.411003259,-0.046869262,,,,,
0,0,1.315488302,-3.72E-04,1.381221012,-4.21E-04,1.366034668,-3.49E-04,1.33814384,-2.69E-04,1.328663532,-2.36E-04,1.383011606,-0.003532992,1.361444642,-6.60E-04,1.340247394,-2.27E-04,1.405157091,-0.040430633,,,,,
0,0,1.301736392,-3.66E-04,1.375680432,-4.00E-04,1.360382412,-3.35E-04,1.329434668,-2.62E-04,1.318632855,-2.33E-04,1.380535496,-0.002753477,1.359168569,-5.24E-04,1.336143254,-2.09E-04,1.399310924,-0.033336813,,,,,
0,0,1.287984482,-3.60E-04,1.370139851,-3.86E-04,1.354730156,-3.23E-04,1.320725497,-2.56E-04,1.308602178,-2.24E-04,1.378059386,-0.002121415,1.356892496,-4.27E-04,1.332039114,-1.99E-04,1.393464756,-0.026085405,,,,,
0,0,1.274232571,-3.55E-04,1.362504914,-3.69E-04,1.3490779,-3.14E-04,1.312016325,-2.51E-04,1.298571501,-2.19E-04,1.375583276,-0.001620667,1.354616422,-3.60E-04,1.327934973,-1.92E-04,1.387618588,-0.01919975,,,,,
0,0,1.260480661,-3.50E-04,1.354869977,-3.57E-04,1.337773387,-2.99E-04,1.303307153,-2.41E-04,1.278510147,-2.13E-04,1.373107166,-0.001233208,1.352340349,-3.13E-04,1.323830833,-1.87E-04,1.381772421,-0.01314817,,,,,
0,0,1.23297684,-3.41E-04,1.34723504,-3.48E-04,1.327599327,-2.91E-04,1.294597981,-2.54E-04,1.260454929,-2.10E-04,1.370878667,-9.68E-04,1.350064276,-2.82E-04,1.315622552,-1.77E-04,1.377951154,-0.009859708,,,,,
0,0,1.205473019,-3.42E-04,1.339600102,-3.41E-04,1.317425266,-2.86E-04,1.285888809,-2.44E-04,1.242399711,-2.08E-04,1.368650168,-7.66E-04,1.347788203,-2.62E-04,1.308235099,-1.73E-04,1.374129888,-0.007130742,,,,,
0,0,1.177969199,-3.25E-04,1.331965165,-3.36E-04,1.307251205,-2.81E-04,1.268470466,-2.40E-04,1.224344492,-2.06E-04,1.366421669,-6.15E-04,1.345512129,-2.47E-04,1.293460193,-1.64E-04,1.370825554,-0.005233106,,,,,
0,0,1.150465378,-3.19E-04,1.324330228,-3.31E-04,1.297077144,-2.78E-04,1.251052122,-2.34E-04,1.188234055,-3.27E-04,1.36419317,-5.04E-04,1.343236056,-2.36E-04,1.280162778,-1.61E-04,1.367913748,-0.003897712,,,,,
0,0,1.122961557,-3.11E-04,1.309060353,-3.23E-04,1.286903083,-2.75E-04,1.233633778,-2.34E-04,1.152123619,-2.01E-04,1.361964671,-4.24E-04,1.338683909,-2.21E-04,1.266865363,-1.58E-04,1.365382277,-0.00297093,,,,,
0,0,1.067953916,-2.98E-04,1.293790479,-3.17E-04,1.266554962,-2.70E-04,1.216215435,-2.32E-04,1.116013182,-1.98E-04,1.359736172,-3.68E-04,1.334131763,-2.12E-04,1.253567948,-1.57E-04,1.363103952,-0.002301434,,,,,
0,0,1.012946274,-2.75E-04,1.278520604,-3.13E-04,1.24620684,-2.66E-04,1.181378747,-2.28E-04,1.079902745,-1.93E-04,1.357507673,-3.28E-04,1.329579616,-2.05E-04,1.226973118,-1.54E-04,1.36105346,-0.001815738,,,,,
0,0,1.000500999,-3.79E-04,1.26325073,-3.08E-04,1.225858718,-2.63E-04,1.14654206,-2.33E-04,1.007681872,-0.001869078,1.355279174,-3.01E-04,1.32502747,-2.00E-04,1.200378287,-1.52E-04,1.359002969,-0.001424369,,,,,
0,0,0,0,1.247980856,-3.04E-04,1.205510597,-2.60E-04,1.111705373,-2.21E-04,1.000500999,-9.39E-04,1.353050675,-2.82E-04,1.315923176,-1.90E-04,1.173783457,-1.51E-04,1.356952477,-0.001113737,,,,,
0,0,0,0,1.217441107,-3.86E-04,1.164814353,-4.64E-04,1.042031998,-1.07E-04,0,0,1.350822176,-2.69E-04,1.306818883,-1.87E-04,1.147188627,-1.50E-04,1.354901985,-8.71E-04,,,,,
0,0,0,0,1.186901358,-2.93E-04,1.12411811,-2.49E-04,1.000500999,-2.15E-04,0,0,1.348593677,-2.59E-04,1.29771459,-1.81E-04,1.093998967,-5.08E-04,1.352851493,-6.85E-04,,,,,
0,0,0,0,1.156361609,-2.87E-04,1.083421867,-2.41E-04,0,0,0,0,1.344136679,-2.44E-04,1.288610297,-1.76E-04,1.000500999,-1.53E-04,1.350801001,-5.44E-04,,,,,
0,0,0,0,1.095282111,-2.79E-04,1.00202938,-2.55E-04,0,0,0,0,1.339679681,-2.35E-04,1.27040171,-1.88E-04,0,0,1.348750509,-4.40E-04,,,,,
0,0,0,0,1.034202613,-2.64E-04,1.000500999,-2.55E-04,0,0,0,0,1.335222683,-2.27E-04,1.252193124,-1.71E-04,0,0,1.346700017,-3.64E-04,,,,,
0,0,0,0,1.000500999,-0.001083926,0,0,0,0,0,0,1.330765686,-2.21E-04,1.233984538,-1.70E-04,0,0,1.344649525,-3.10E-04,,,,,
0,0,0,0,0,0,0,0,0,0,0,0,1.32185169,-2.11E-04,1.215775951,-1.68E-04,0,0,1.342599034,-2.71E-04,,,,,
0,0,0,0,0,0,0,0,0,0,0,0,1.312937694,-2.07E-04,1.179358778,-1.66E-04,0,0,1.340548542,-2.45E-04,,,,,
0,0,0,0,0,0,0,0,0,0,0,0,1.304023698,-2.01E-04,1.142941606,-1.65E-04,0,0,1.33849805,-2.26E-04,,,,,
0,0,0,0,0,0,0,0,0,0,0,0,1.295109702,-1.95E-04,1.106524433,-1.62E-04,0,0,1.336447558,-2.12E-04,,,,,
0,0,0,0,0,0,0,0,0,0,0,0,1.27728171,-1.91E-04,1.033690087,-1.30E-04,0,0,1.332346574,-1.93E-04,,,,,
0,0,0,0,0,0,0,0,0,0,0,0,1.259453718,-1.89E-04,1.000500999,-1.69E-04,0,0,1.32824559,-1.82E-04,,,,,
0,0,0,0,0,0,0,0,0,0,0,0,1.241625726,-1.87E-04,0,0,0,0,1.324144607,-1.76E-04,,,,,
0,0,0,0,0,0,0,0,0,0,0,0,1.223797734,-1.86E-04,0,0,0,0,1.320043623,-1.71E-04,,,,,
0,0,0,0,0,0,0,0,0,0,0,0,1.188141751,-2.95E-04,0,0,0,0,1.315942639,-1.67E-04,,,,,
0,0,0,0,0,0,0,0,0,0,0,0,1.152485767,-1.81E-04,0,0,0,0,1.307740672,-1.60E-04,,,,,
0,0,0,0,0,0,0,0,0,0,0,0,1.116829783,-1.79E-04,0,0,0,0,1.299538704,-1.56E-04,,,,,
0,0,0,0,0,0,0,0,0,0,0,0,1.081173799,-1.75E-04,0,0,0,0,1.283134769,-1.48E-04,,,,,
0,0,0,0,0,0,0,0,0,0,0,0,1.009861832,-0.001614158,0,0,0,0,1.266730834,-1.45E-04,,,,,
0,0,0,0,0,0,0,0,0,0,0,0,1.000500999,-8.97E-04,0,0,0,0,1.250326899,-1.43E-04,,,,,
0,0,0,0,0,0,0,0,0,0,0,0,0,0,0,0,0,0,1.233922964,-1.42E-04,,,,,
0,0,0,0,0,0,0,0,0,0,0,0,0,0,0,0,0,0,1.217519029,-1.41E-04,,,,,
0,0,0,0,0,0,0,0,0,0,0,0,0,0,0,0,0,0,1.184711159,-2.08E-04,,,,,
0,0,0,0,0,0,0,0,0,0,0,0,0,0,0,0,0,0,1.151903289,-1.38E-04,,,,,
0,0,0,0,0,0,0,0,0,0,0,0,0,0,0,0,0,0,1.086287549,-1.38E-04,,,,,
0,0,0,0,0,0,0,0,0,0,0,0,0,0,0,0,0,0,1.020671809,-1.38E-04,,,,,
0,0,0,0,0,0,0,0,0,0,0,0,0,0,0,0,0,0,1.000500999,-7.48E-05,,,,,
