5.1v,5.1i,5.2v,5.2i,5.3v,5.3i,5.4v,5.4i,5.5v,5.5i,5.6v,5.6i,5.7v,5.7i,5.8v,5.8i,5.9v,5.9i,6.0v,6.0i
1,1.08E-05,1,1.09E-05,1,1.10E-05,1,1.11E-05,1,1.12E-05,1,1.13E-05,1,1.14E-05,1,1.15E-05,1,1.16E-05,1,1.17E-05
1.000000004,1.04E-05,1.000000004,1.05E-05,1.000000004,1.06E-05,1.000000004,1.07E-05,1.000000004,1.09E-05,1.000000004,1.10E-05,1.000000004,1.11E-05,1.000000004,1.12E-05,1.000000004,1.13E-05,1.000000004,1.14E-05
1.000000014,1.00E-05,1.000000014,1.01E-05,1.000000014,1.03E-05,1.000000014,1.04E-05,1.000000014,1.05E-05,1.000000014,1.06E-05,1.000000014,1.07E-05,1.000000014,1.08E-05,1.000000014,1.09E-05,1.000000014,1.10E-05
1.000000032,9.66E-06,1.000000032,9.79E-06,1.000000032,9.91E-06,1.000000032,1.00E-05,1.000000032,1.01E-05,1.000000032,1.03E-05,1.000000032,1.04E-05,1.000000032,1.05E-05,1.000000032,1.06E-05,1.000000032,1.07E-05
1.000000089,8.98E-06,1.000000089,9.10E-06,1.000000089,9.23E-06,1.000000089,9.35E-06,1.000000089,9.47E-06,1.000000089,9.59E-06,1.000000089,9.70E-06,1.000000089,9.82E-06,1.000000089,9.93E-06,1.000000089,1.00E-05
1.000000175,8.33E-06,1.000000175,8.47E-06,1.000000175,8.59E-06,1.000000175,8.72E-06,1.000000175,8.84E-06,1.000000175,8.96E-06,1.000000175,9.08E-06,1.000000175,9.20E-06,1.000000175,9.31E-06,1.000000175,9.42E-06
1.00000029,7.74E-06,1.00000029,7.87E-06,1.00000029,8.00E-06,1.00000029,8.13E-06,1.00000029,8.25E-06,1.00000029,8.38E-06,1.00000029,8.50E-06,1.00000029,8.61E-06,1.000000433,8.19E-06,1.000000433,8.30E-06
1.000000433,7.18E-06,1.000000433,7.32E-06,1.000000433,7.45E-06,1.000000433,7.58E-06,1.000000433,7.70E-06,1.000000433,7.83E-06,1.000000433,7.95E-06,1.000000433,8.07E-06,1.000000742,7.34E-06,1.000000744,7.45E-06
1.000000604,6.67E-06,1.000000604,6.80E-06,1.000000604,6.93E-06,1.000000604,7.06E-06,1.000000604,7.19E-06,1.000000604,7.32E-06,1.000000604,7.44E-06,1.000000604,7.56E-06,1.000001135,6.57E-06,1.00000114,6.68E-06
1.000000804,6.19E-06,1.000000804,6.33E-06,1.000000804,6.46E-06,1.000000804,6.59E-06,1.000000804,6.71E-06,1.000000804,6.84E-06,1.000000804,6.96E-06,1.000000804,7.08E-06,1.00000161,5.89E-06,1.00000162,5.99E-06
1.000001033,5.75E-06,1.000001033,5.88E-06,1.000001033,6.01E-06,1.000001033,6.14E-06,1.000001033,6.27E-06,1.000001033,6.39E-06,1.000001033,6.51E-06,1.000001033,6.64E-06,1.000002168,5.28E-06,1.000002183,5.38E-06
1.000001575,4.95E-06,1.000001575,5.08E-06,1.000001575,5.21E-06,1.000001575,5.33E-06,1.000001575,5.46E-06,1.000001575,5.58E-06,1.000001575,5.70E-06,1.000001575,5.82E-06,1.000002809,4.73E-06,1.000002829,4.82E-06
1.000002232,4.27E-06,1.000002232,4.39E-06,1.000002232,4.51E-06,1.000002232,4.63E-06,1.000002232,4.75E-06,1.000002232,4.87E-06,1.000002232,4.99E-06,1.000002232,5.11E-06,1.000003531,4.24E-06,1.000003559,4.33E-06
1.000003001,3.68E-06,1.000003001,3.79E-06,1.000003001,3.91E-06,1.000003001,4.03E-06,1.000003001,4.14E-06,1.000003001,4.25E-06,1.000003001,4.37E-06,1.000003001,4.48E-06,1.000004336,3.80E-06,1.000004372,3.88E-06
1.000003884,3.17E-06,1.000003884,3.28E-06,1.000003884,3.39E-06,1.000003884,3.50E-06,1.000003884,3.61E-06,1.000003884,3.71E-06,1.000003884,3.82E-06,1.000003884,3.93E-06,1.000005222,3.40E-06,1.000005267,3.49E-06
1.000004879,2.73E-06,1.000004879,2.83E-06,1.000004879,2.93E-06,1.000004879,3.04E-06,1.000004879,3.14E-06,1.000004879,3.24E-06,1.000004879,3.35E-06,1.000004879,3.45E-06,1.00000619,3.05E-06,1.000006245,3.13E-06
1.000005986,2.35E-06,1.000005986,2.45E-06,1.000005986,2.54E-06,1.000005986,2.64E-06,1.000005986,2.74E-06,1.000005986,2.83E-06,1.000005986,2.93E-06,1.000005986,3.02E-06,1.000008367,2.45E-06,1.000008445,2.51E-06
1.000007205,2.03E-06,1.000007205,2.11E-06,1.000007205,2.20E-06,1.000007205,2.29E-06,1.000007205,2.38E-06,1.000007205,2.47E-06,1.000007205,2.56E-06,1.000007205,2.65E-06,1.000010866,1.96E-06,1.000010971,2.02E-06
1.000008534,1.75E-06,1.000008534,1.83E-06,1.000008534,1.91E-06,1.000008534,1.99E-06,1.000008534,2.08E-06,1.000008534,2.16E-06,1.000008534,2.24E-06,1.000008534,2.33E-06,1.000013682,1.57E-06,1.000013817,1.63E-06
1.000009974,1.51E-06,1.000009974,1.58E-06,1.000009974,1.66E-06,1.000009974,1.73E-06,1.000009974,1.81E-06,1.000009974,1.89E-06,1.000009974,1.97E-06,1.000009974,2.04E-06,1.000016811,1.26E-06,1.00001698,1.31E-06
1.000013182,1.11E-06,1.000013182,1.18E-06,1.000013182,1.24E-06,1.000013182,1.31E-06,1.000013182,1.37E-06,1.000013182,1.44E-06,1.000013182,1.50E-06,1.000013182,1.57E-06,1.000020249,1.01E-06,1.000020456,1.05E-06
1.000016822,8.24E-07,1.000016822,8.76E-07,1.000016822,9.28E-07,1.000016822,9.82E-07,1.000016822,1.04E-06,1.000016822,1.09E-06,1.000016822,1.15E-06,1.000016822,1.21E-06,1.000023992,8.15E-07,1.000024239,8.48E-07
1.000020886,6.10E-07,1.000020886,6.52E-07,1.000020886,6.95E-07,1.000020886,7.40E-07,1.000020886,7.85E-07,1.000020886,8.32E-07,1.000020886,8.79E-07,1.000020886,9.27E-07,1.000028033,6.56E-07,1.000028324,6.84E-07
1.000025368,4.53E-07,1.000025368,4.87E-07,1.000025368,5.22E-07,1.000025368,5.58E-07,1.000025368,5.95E-07,1.000025368,6.34E-07,1.000025368,6.73E-07,1.000025368,7.13E-07,1.000032367,5.29E-07,1.000032706,5.53E-07
1.000030258,3.37E-07,1.000030258,3.64E-07,1.000030258,3.93E-07,1.000030258,4.22E-07,1.000030258,4.53E-07,1.000030258,4.84E-07,1.000030258,5.16E-07,1.000030258,5.50E-07,1.000041889,3.41E-07,1.000042331,3.58E-07
1.000035546,2.52E-07,1.000035546,2.74E-07,1.000035546,2.97E-07,1.000035546,3.20E-07,1.000035546,3.45E-07,1.000035546,3.71E-07,1.000035546,3.98E-07,1.000035546,4.25E-07,1.000052505,2.21E-07,1.000053062,2.33E-07
1.000041223,1.90E-07,1.000041223,2.07E-07,1.000041223,2.26E-07,1.000041223,2.45E-07,1.000041223,2.65E-07,1.000041223,2.86E-07,1.000041223,3.08E-07,1.000041223,3.30E-07,1.000064156,1.46E-07,1.000064836,1.54E-07
1.000053699,1.07E-07,1.000053699,1.18E-07,1.000053699,1.29E-07,1.000053699,1.41E-07,1.000053699,1.54E-07,1.000053699,1.68E-07,1.000053699,1.82E-07,1.000053699,1.96E-07,1.000076775,9.93E-08,1.000077586,1.05E-07
1.000067587,6.28E-08,1.000067587,6.93E-08,1.000067587,7.63E-08,1.000067587,8.38E-08,1.000067587,9.19E-08,1.000067587,1.00E-07,1.000067587,1.10E-07,1.000067587,1.19E-07,1.000090293,7.14E-08,1.000091242,7.57E-08
1.000082782,4.09E-08,1.000082782,4.48E-08,1.000082782,4.91E-08,1.000082782,5.38E-08,1.000082782,5.88E-08,1.000082782,6.42E-08,1.000082782,7.00E-08,1.000082782,7.61E-08,1.000104635,5.48E-08,1.000105726,5.79E-08
1.000099167,3.13E-08,1.000099167,3.37E-08,1.000099167,3.63E-08,1.000099167,3.88E-08,1.000099167,4.20E-08,1.000099167,4.54E-08,1.000099167,4.91E-08,1.000099167,5.30E-08,1.000135471,3.67E-08,1.000136855,3.83E-08
1.000116618,2.75E-08,1.000116618,2.90E-08,1.000116618,3.07E-08,1.000116618,3.22E-08,1.000116618,3.42E-08,1.000116618,3.64E-08,1.000116618,3.88E-08,1.000116618,4.14E-08,1.000168615,3.16E-08,1.000170289,3.25E-08
1.000154186,2.50E-08,1.000154186,2.57E-08,1.000154186,2.64E-08,1.000154186,2.68E-08,1.000154186,2.76E-08,1.000154186,2.85E-08,1.000154186,2.95E-08,1.000154186,3.05E-08,1.000203366,3.15E-08,1.000205314,3.22E-08
1.00019438,2.64E-08,1.00019438,2.68E-08,1.00019438,2.73E-08,1.00019438,2.76E-08,1.00019438,2.80E-08,1.00019438,2.85E-08,1.00019438,2.90E-08,1.00019438,2.96E-08,1.000239013,3.26E-08,1.000241207,3.32E-08
1.000236057,2.81E-08,1.000236057,2.86E-08,1.000236057,2.90E-08,1.000236057,2.94E-08,1.000236057,2.99E-08,1.000236057,3.04E-08,1.000236057,3.08E-08,1.000236057,3.11E-08,1.000274868,3.34E-08,1.000277269,3.39E-08
1.000278097,2.90E-08,1.000278097,2.96E-08,1.000278097,3.01E-08,1.000278097,3.06E-08,1.000278097,3.11E-08,1.000278097,3.16E-08,1.000278097,3.21E-08,1.000278097,3.24E-08,1.000310292,3.35E-08,1.000312854,3.41E-08
1.000319474,2.90E-08,1.000319474,2.96E-08,1.000319474,3.01E-08,1.000319474,3.07E-08,1.000319474,3.12E-08,1.000319474,3.18E-08,1.000319474,3.23E-08,1.000319474,3.28E-08,1.000377754,3.23E-08,1.000380496,3.28E-08
1.000359327,2.83E-08,1.000359327,2.88E-08,1.000359327,2.94E-08,1.000359327,3.00E-08,1.000359327,3.05E-08,1.000359327,3.11E-08,1.000359327,3.16E-08,1.000359327,3.21E-08,1.000438681,2.95E-08,1.000441474,2.98E-08
1.000397047,2.68E-08,1.000397047,2.73E-08,1.000397047,2.79E-08,1.000397047,2.84E-08,1.000397047,2.90E-08,1.000397047,2.95E-08,1.000397047,3.00E-08,1.000397047,3.06E-08,1.000493671,2.65E-08,1.000496589,2.69E-08
1.000465467,2.38E-08,1.000465467,2.43E-08,1.000465467,2.48E-08,1.000465467,2.53E-08,1.000465467,2.58E-08,1.000465467,2.63E-08,1.000465467,2.68E-08,1.000465467,2.73E-08,1.000546962,2.54E-08,1.000550201,2.58E-08
1.00052832,2.19E-08,1.00052832,2.24E-08,1.00052832,2.28E-08,1.00052832,2.33E-08,1.00052832,2.37E-08,1.00052832,2.42E-08,1.00052832,2.46E-08,1.00052832,2.51E-08,1.000600251,2.54E-08,1.000603811,2.58E-08
1.00059082,2.19E-08,1.00059082,2.24E-08,1.00059082,2.28E-08,1.00059082,2.32E-08,1.00059082,2.36E-08,1.00059082,2.40E-08,1.00059082,2.45E-08,1.00059082,2.49E-08,1.00065354,2.59E-08,1.000657422,2.63E-08
1.00065332,2.22E-08,1.00065332,2.26E-08,1.00065332,2.30E-08,1.00065332,2.34E-08,1.00065332,2.39E-08,1.00065332,2.43E-08,1.00065332,2.47E-08,1.00065332,2.51E-08,1.000760118,2.58E-08,1.000764644,2.63E-08
1.00071582,2.23E-08,1.00071582,2.27E-08,1.00071582,2.31E-08,1.00071582,2.36E-08,1.00071582,2.40E-08,1.00071582,2.44E-08,1.00071582,2.49E-08,1.00071582,2.53E-08,1.000856038,2.58E-08,1.000861143,2.63E-08
1.00077832,2.23E-08,1.00077832,2.27E-08,1.00077832,2.32E-08,1.00077832,2.36E-08,1.00077832,2.40E-08,1.00077832,2.45E-08,1.00077832,2.49E-08,1.00077832,2.53E-08,1.000951958,2.59E-08,1.000957642,2.63E-08
1.00084082,2.23E-08,1.00084082,2.28E-08,1.00084082,2.32E-08,1.00084082,2.36E-08,1.00084082,2.41E-08,1.00084082,2.45E-08,1.00084082,2.49E-08,1.00084082,2.54E-08,1.001047878,2.60E-08,1.001054142,2.65E-08
1.00096582,2.25E-08,1.00096582,2.29E-08,1.00096582,2.33E-08,1.00096582,2.38E-08,1.00096582,2.42E-08,1.00090332,2.46E-08,1.00090332,2.50E-08,1.00090332,2.54E-08,1.001143798,2.61E-08,1.001150641,2.66E-08
1.001077138,2.26E-08,1.001077774,2.30E-08,1.00107832,2.34E-08,1.00107832,2.39E-08,1.00107832,2.43E-08,1.00102832,2.47E-08,1.00102832,2.51E-08,1.00102832,2.56E-08,1.001239718,2.62E-08,1.001247141,2.67E-08
1.001188456,2.27E-08,1.001189727,2.31E-08,1.00119082,2.35E-08,1.00119082,2.40E-08,1.00119082,2.44E-08,1.00114082,2.48E-08,1.00114082,2.52E-08,1.00114082,2.57E-08,1.001335638,2.63E-08,1.00134364,2.68E-08
1.001299773,2.28E-08,1.001301681,2.32E-08,1.00130332,2.36E-08,1.00130332,2.41E-08,1.00130332,2.45E-08,1.00125332,2.49E-08,1.00125332,2.54E-08,1.00125332,2.58E-08,1.001431558,2.64E-08,1.001440139,2.69E-08
1.001411091,2.29E-08,1.001413635,2.33E-08,1.00141582,2.38E-08,1.00141582,2.42E-08,1.00141582,2.46E-08,1.00136582,2.50E-08,1.00136582,2.55E-08,1.00136582,2.59E-08,1.001623398,2.66E-08,1.001536639,2.70E-08
1.001522409,2.30E-08,1.001525588,2.34E-08,1.00152832,2.39E-08,1.00152832,2.43E-08,1.00152832,2.47E-08,1.00147832,2.51E-08,1.00147832,2.56E-08,1.00147832,2.60E-08,1.001791703,2.68E-08,1.001729637,2.72E-08
1.001633727,2.31E-08,1.001637542,2.35E-08,1.00164082,2.40E-08,1.00164082,2.44E-08,1.00164082,2.49E-08,1.00159082,2.53E-08,1.00159082,2.57E-08,1.00159082,2.61E-08,1.001960008,2.70E-08,1.001903336,2.74E-08
1.001856362,2.33E-08,1.001749495,2.36E-08,1.00175332,2.41E-08,1.00175332,2.45E-08,1.00175332,2.50E-08,1.00170332,2.54E-08,1.00170332,2.58E-08,1.00170332,2.63E-08,1.002128313,2.72E-08,1.002077035,2.76E-08
1.002056734,2.35E-08,1.001861449,2.37E-08,1.00186582,2.42E-08,1.00186582,2.46E-08,1.00186582,2.51E-08,1.00192832,2.56E-08,1.00192832,2.60E-08,1.00192832,2.65E-08,1.002296618,2.73E-08,1.002250734,2.77E-08
1.002257106,2.36E-08,1.002085356,2.39E-08,1.00209082,2.44E-08,1.00209082,2.48E-08,1.00209082,2.53E-08,1.00213082,2.58E-08,1.00213082,2.63E-08,1.00213082,2.67E-08,1.002464922,2.75E-08,1.002424433,2.79E-08
1.002457477,2.38E-08,1.002309263,2.41E-08,1.00231582,2.46E-08,1.00231582,2.51E-08,1.00231582,2.55E-08,1.00233332,2.60E-08,1.00233332,2.65E-08,1.00233332,2.69E-08,1.002633227,2.77E-08,1.002771831,2.83E-08
1.002657849,2.40E-08,1.00253317,2.44E-08,1.00254082,2.48E-08,1.00254082,2.53E-08,1.00254082,2.58E-08,1.00253582,2.62E-08,1.00253582,2.67E-08,1.00253582,2.71E-08,1.002969837,2.81E-08,1.003084489,2.87E-08
1.003058593,2.44E-08,1.002757078,2.46E-08,1.00276582,2.51E-08,1.00276582,2.55E-08,1.00276582,2.60E-08,1.00273832,2.64E-08,1.00273832,2.69E-08,1.00273832,2.74E-08,1.003306446,2.85E-08,1.003397147,2.90E-08
1.003419262,2.48E-08,1.002980985,2.48E-08,1.00299082,2.53E-08,1.00299082,2.58E-08,1.00299082,2.62E-08,1.00314332,2.69E-08,1.00314332,2.73E-08,1.00314332,2.78E-08,1.003643056,2.88E-08,1.003709805,2.94E-08
1.004140601,2.55E-08,1.003204892,2.50E-08,1.00344082,2.57E-08,1.00344082,2.62E-08,1.00344082,2.67E-08,1.00350782,2.73E-08,1.00350782,2.77E-08,1.00350782,2.82E-08,1.003979666,2.92E-08,1.004022463,2.98E-08
1.004789806,2.66E-08,1.003652706,2.55E-08,1.00384582,2.62E-08,1.00384582,2.67E-08,1.00384582,2.71E-08,1.004073808,2.76E-08,1.004059584,2.80E-08,1.00387232,2.86E-08,1.004652885,3.00E-08,1.004335121,3.01E-08
1.005439011,3.16E-08,1.004100521,2.59E-08,1.00465582,2.70E-08,1.00465582,2.75E-08,1.00465582,2.80E-08,1.004570743,3.08E-08,1.004542343,2.89E-08,1.00423682,2.90E-08,1.005326104,3.13E-08,1.004960437,3.09E-08
1.00673742,4.47E-08,1.004996149,2.68E-08,1.00546582,2.86E-08,1.00546582,2.91E-08,1.00546582,2.96E-08,1.005564613,3.03E-08,1.005025102,3.19E-08,1.00496582,2.99E-08,1.005999324,3.69E-08,1.005585753,3.17E-08
1.00803583,5.69E-08,1.005891778,2.88E-08,1.00627582,3.66E-08,1.00627582,3.71E-08,1.00627582,3.77E-08,1.006558483,4.08E-08,1.00599062,3.13E-08,1.00569482,3.13E-08,1.007345762,5.12E-08,1.006836385,3.33E-08
1.00933424,3.70E-08,1.006787407,3.85E-08,1.00789582,3.32E-08,1.00789582,3.38E-08,1.00789582,3.43E-08,1.008546224,3.70E-08,1.006956139,4.12E-08,1.00642382,3.79E-08,1.008692201,3.93E-08,1.008087017,5.22E-08
1.011931059,2.48E-08,1.008578664,3.42E-08,1.00951582,3.64E-08,1.00951582,3.70E-08,1.00951582,3.76E-08,1.010533964,4.22E-08,1.008887175,3.78E-08,1.00788182,5.46E-08,1.01003864,5.56E-08,1.010588281,4.49E-08
1.014527878,4.91E-08,1.010369921,3.80E-08,1.01113582,4.05E-08,1.01113582,4.11E-08,1.01113582,4.18E-08,1.012521704,4.88E-08,1.010818211,4.28E-08,1.00933982,4.05E-08,1.012731517,4.06E-08,1.012839418,5.12E-08
1.019721517,4.77E-08,1.012161179,4.31E-08,1.01437582,5.37E-08,1.01437582,5.44E-08,1.01437582,5.51E-08,1.016497185,7.21E-08,1.012749247,4.91E-08,1.01079782,5.99E-08,1.015038442,5.44E-08,1.015090556,6.00E-08
1.024395792,8.75E-08,1.015743693,6.03E-08,1.02085582,5.79E-08,1.02085582,5.89E-08,1.02085582,5.98E-08,1.020472666,7.41E-08,1.01661132,7.09E-08,1.01371382,4.09E-08,1.017345368,4.76E-08,1.017341693,5.31E-08
1.029070066,7.62E-08,1.019326208,8.96E-08,1.02668782,6.75E-08,1.02668782,6.92E-08,1.02668782,7.07E-08,1.024448147,1.09E-07,1.020473393,1.09E-07,1.016002595,5.55E-08,1.019652293,7.00E-08,1.021843969,6.34E-08
1.033744341,1.37E-07,1.022908723,8.02E-08,1.03251982,8.10E-08,1.03251982,8.32E-08,1.03251982,8.58E-08,1.029515393,7.96E-08,1.024335465,1.01E-07,1.018291369,4.86E-08,1.024266144,9.49E-08,1.027279364,7.54E-08
1.038418616,1.13E-07,1.026491237,8.98E-08,1.03835182,1.01E-07,1.03835182,1.03E-07,1.03835182,1.04E-07,1.034582639,1.23E-07,1.028197538,1.16E-07,1.020580143,5.30E-08,1.028879995,9.94E-08,1.03271476,1.03E-07
1.043092891,1.78E-07,1.033656267,8.18E-08,1.04418382,1.27E-07,1.04418382,1.29E-07,1.04418382,1.31E-07,1.039649885,1.18E-07,1.033484718,9.41E-08,1.025157692,1.11E-07,1.033493846,1.82E-07,1.038150155,1.14E-07
1.048186902,1.45E-07,1.039562861,1.04E-07,1.05001582,1.60E-07,1.05001582,1.63E-07,1.05001582,1.66E-07,1.044717131,1.67E-07,1.038771898,1.20E-07,1.029735241,7.98E-08,1.038107697,1.14E-07,1.043585551,1.40E-07
1.053280914,2.27E-07,1.045469455,1.31E-07,1.05584782,2.01E-07,1.05584782,2.05E-07,1.05584782,2.08E-07,1.049784377,1.69E-07,1.044059078,1.36E-07,1.034312789,1.22E-07,1.042721547,1.26E-07,1.049020947,1.74E-07
1.058374925,2.16E-07,1.051376048,1.65E-07,1.06167982,2.53E-07,1.06167982,2.57E-07,1.06167982,2.62E-07,1.054851623,3.31E-07,1.049346257,2.15E-07,1.03948827,1.16E-07,1.04815204,1.65E-07,1.054456342,2.16E-07
1.063468937,3.67E-07,1.057282642,2.09E-07,1.06751182,6.94E-07,1.06751182,7.00E-07,1.06751182,7.05E-07,1.059918869,2.55E-07,1.054633437,2.08E-07,1.04466375,1.42E-07,1.053582533,2.05E-07,1.059891738,2.67E-07
1.068562949,3.25E-07,1.063189236,2.63E-07,1.07164539,4.01E-07,1.071646269,4.08E-07,1.071647138,4.15E-07,1.06447939,3.05E-07,1.059920617,3.92E-07,1.049839231,1.74E-07,1.059013025,2.53E-07,1.065327134,3.30E-07
1.07365696,4.77E-07,1.06909583,3.32E-07,1.07577896,8.96E-08,1.075780719,9.91E-08,1.075782455,1.09E-07,1.069856793,3.69E-07,1.065207797,3.19E-07,1.055014711,2.13E-07,1.064443518,3.14E-07,1.070762529,7.15E-07
1.078799822,4.84E-07,1.075002424,4.19E-07,1.0840461,3.85E-07,1.084049617,4.00E-07,1.084053089,4.14E-07,1.075234195,4.56E-07,1.069966259,4.18E-07,1.060190192,2.61E-07,1.069874011,3.88E-07,1.076197925,5.25E-07
1.083942683,6.06E-07,1.080909018,1.00E-06,1.089257596,7.40E-07,1.089260101,7.54E-07,1.089262582,7.68E-07,1.080611598,5.63E-07,1.075193763,4.66E-07,1.065365672,3.20E-07,1.075304504,4.81E-07,1.080834209,5.57E-07
1.089085544,7.19E-07,1.08505694,6.66E-07,1.094469091,9.23E-07,1.094470585,9.40E-07,1.094472075,9.57E-07,1.085989001,6.95E-07,1.080421267,8.22E-07,1.070541153,3.92E-07,1.080734996,5.95E-07,1.08640497,7.50E-07
1.094228405,8.77E-07,1.089204863,7.31E-07,1.099680587,1.13E-06,1.099681069,1.15E-06,1.099681568,1.17E-06,1.091366404,8.58E-07,1.085213347,7.08E-07,1.075716633,7.60E-07,1.086165489,1.11E-06,1.09197573,9.40E-07
1.099371267,1.07E-06,1.093352786,8.66E-07,1.104892083,1.38E-06,1.104891554,1.41E-06,1.104891061,1.43E-06,1.096743806,1.06E-06,1.089526218,7.81E-07,1.080892113,6.09E-07,1.091595982,9.43E-07,1.097546491,1.17E-06
1.104514128,1.31E-06,1.097500709,1.18E-06,1.110103578,1.69E-06,1.110102038,1.72E-06,1.110100554,1.76E-06,1.102121209,1.31E-06,1.095045067,1.00E-06,1.085550046,6.00E-07,1.096274855,9.62E-07,1.103117252,1.45E-06
1.109656989,2.02E-06,1.101648631,1.22E-06,1.115315074,2.07E-06,1.115312522,2.11E-06,1.115310047,2.15E-06,1.107498612,2.10E-06,1.100563916,1.25E-06,1.091513994,8.81E-07,1.102283399,1.36E-06,1.108688012,1.80E-06
1.11479985,2.02E-06,1.105796554,1.41E-06,1.12052657,2.54E-06,1.120523006,2.59E-06,1.12051954,2.63E-06,1.112876015,2.05E-06,1.106082765,1.55E-06,1.097477942,1.13E-06,1.108291943,1.75E-06,1.114258773,2.24E-06
1.119428426,2.27E-06,1.111281228,1.74E-06,1.125738065,3.67E-06,1.12573349,3.72E-06,1.125729033,3.78E-06,1.117607198,2.26E-06,1.111601614,1.92E-06,1.102845495,1.39E-06,1.113699633,2.16E-06,1.119829534,2.78E-06
1.125176068,2.91E-06,1.116765901,2.15E-06,1.130949561,3.91E-06,1.130943975,3.98E-06,1.130938526,4.05E-06,1.123513753,2.97E-06,1.117120462,2.38E-06,1.108213048,1.72E-06,1.119107323,2.66E-06,1.125400295,3.45E-06
1.13092371,3.66E-06,1.122250574,2.66E-06,1.135639907,4.48E-06,1.13563341,4.56E-06,1.13562707,4.65E-06,1.129420307,3.77E-06,1.122639311,2.95E-06,1.113580601,2.11E-06,1.124515012,3.28E-06,1.130971055,4.28E-06
1.136671353,4.56E-06,1.127735247,3.30E-06,1.141447449,5.66E-06,1.141437378,5.76E-06,1.141427545,5.86E-06,1.135326861,4.73E-06,1.12815816,3.65E-06,1.118948155,2.60E-06,1.129922702,4.04E-06,1.136541816,6.11E-06
1.142418995,5.69E-06,1.133219921,4.07E-06,1.14725499,7.09E-06,1.147241345,7.21E-06,1.147228021,7.34E-06,1.141233416,5.93E-06,1.133677009,4.52E-06,1.124315708,3.20E-06,1.135330392,4.98E-06,1.142112577,6.76E-06
1.148166638,7.09E-06,1.138704594,5.03E-06,1.153062532,8.85E-06,1.153045312,9.00E-06,1.153028496,9.15E-06,1.14713997,7.43E-06,1.139195858,6.37E-06,1.129683261,3.94E-06,1.140738081,6.13E-06,1.146930736,7.86E-06
1.15391428,8.83E-06,1.144189267,6.21E-06,1.158870073,1.10E-05,1.158849279,1.12E-05,1.158828972,1.14E-05,1.153046524,9.31E-06,1.144714707,7.10E-06,1.135050814,4.85E-06,1.146145771,7.53E-06,1.152710723,9.77E-06
1.159661922,1.10E-05,1.149673941,7.66E-06,1.164677615,1.37E-05,1.164653247,1.39E-05,1.164629447,1.42E-05,1.158953079,1.16E-05,1.149583868,8.31E-06,1.140418367,6.67E-06,1.15155346,9.24E-06,1.15849071,1.22E-05
1.165409565,1.36E-05,1.155158614,1.04E-05,1.170485156,1.71E-05,1.170457214,1.73E-05,1.170429922,1.76E-05,1.164859633,1.45E-05,1.155333935,1.03E-05,1.145785921,7.50E-06,1.15696115,1.23E-05,1.164270698,1.51E-05
1.171157207,1.69E-05,1.160643287,1.19E-05,1.176292698,2.12E-05,1.176261181,2.15E-05,1.176230398,2.18E-05,1.170766188,1.81E-05,1.161084002,1.28E-05,1.150616719,8.80E-06,1.16236884,1.42E-05,1.170050685,1.87E-05
1.17690485,2.23E-05,1.165579493,1.41E-05,1.182100239,2.62E-05,1.182065149,2.66E-05,1.182030873,2.70E-05,1.176672742,2.25E-05,1.166834069,1.59E-05,1.156369489,1.09E-05,1.16723576,1.68E-05,1.175830672,2.32E-05
1.182652492,2.65E-05,1.171381699,1.73E-05,1.187907781,3.24E-05,1.187869116,3.28E-05,1.187831349,3.33E-05,1.182579296,2.95E-05,1.172584136,1.97E-05,1.162122259,1.35E-05,1.173013828,2.06E-05,1.181610659,2.86E-05
1.1877774,3.15E-05,1.177183904,2.15E-05,1.193715322,3.99E-05,1.193673083,4.05E-05,1.193631824,4.10E-05,1.188485851,3.54E-05,1.178334203,2.43E-05,1.167875029,1.68E-05,1.178791896,2.55E-05,1.187390647,3.53E-05
1.193738893,3.87E-05,1.182986109,2.66E-05,1.199522864,5.07E-05,1.19947705,5.14E-05,1.199432299,5.20E-05,1.19367689,4.21E-05,1.18408427,3.00E-05,1.173627799,2.08E-05,1.184569964,3.14E-05,1.193170634,4.34E-05
1.199700385,4.78E-05,1.188788315,3.29E-05,1.205330406,6.12E-05,1.205281018,6.20E-05,1.205232775,6.28E-05,1.199745502,5.19E-05,1.189834337,3.69E-05,1.179380568,2.56E-05,1.190348032,3.87E-05,1.198950621,5.32E-05
1.205661877,5.90E-05,1.19459052,4.05E-05,1.210557193,7.29E-05,1.210504588,7.39E-05,1.210453203,7.48E-05,1.205814114,6.40E-05,1.195584404,4.53E-05,1.185133338,3.16E-05,1.1961261,4.75E-05,1.204730609,6.67E-05
1.21162337,7.27E-05,1.200392725,4.98E-05,1.216746682,8.95E-05,1.216700039,9.07E-05,1.216654603,9.18E-05,1.211882726,7.88E-05,1.201334471,5.55E-05,1.190886108,3.89E-05,1.201904168,5.82E-05,1.210510596,8.05E-05
1.217584862,8.91E-05,1.206194931,6.11E-05,1.222936171,1.10E-04,1.222895489,1.11E-04,1.222856004,1.13E-04,1.217951338,9.68E-05,1.207084538,6.94E-05,1.196638878,4.77E-05,1.207682235,7.11E-05,1.215712585,9.59E-05
1.223546354,1.09E-04,1.211997136,7.48E-05,1.22912566,1.35E-04,1.229090939,1.36E-04,1.229057405,1.38E-04,1.22401995,1.19E-04,1.212834605,8.37E-05,1.202391648,5.84E-05,1.213460303,8.66E-05,1.221711047,1.16E-04
1.229507847,1.33E-04,1.217799342,9.12E-05,1.235315149,1.65E-04,1.23528639,1.67E-04,1.235258805,1.69E-04,1.230088562,1.45E-04,1.218009666,9.96E-05,1.208144418,7.29E-05,1.219238371,1.05E-04,1.227709509,1.41E-04
1.235469339,1.61E-04,1.223601547,1.13E-04,1.241504638,2.00E-04,1.24148184,2.03E-04,1.241460206,2.05E-04,1.236157174,1.76E-04,1.224010747,1.21E-04,1.213897188,8.79E-05,1.225016439,1.29E-04,1.233707971,1.70E-04
1.241430832,1.95E-04,1.229403752,1.36E-04,1.247694127,2.43E-04,1.247677291,2.45E-04,1.247661606,2.48E-04,1.242225786,2.12E-04,1.230011829,1.46E-04,1.219074681,1.05E-04,1.230794507,1.55E-04,1.239706432,2.06E-04
1.247392324,2.37E-04,1.235205958,1.64E-04,1.253883616,2.93E-04,1.253872741,2.96E-04,1.253863007,2.99E-04,1.248294398,2.56E-04,1.236012911,1.77E-04,1.22509498,1.27E-04,1.236572575,1.86E-04,1.245704894,2.47E-04
1.253353816,2.83E-04,1.241382975,1.98E-04,1.260073105,3.51E-04,1.260068191,3.55E-04,1.260064408,3.59E-04,1.25436301,3.09E-04,1.242013993,2.14E-04,1.231115279,1.54E-04,1.242856878,2.25E-04,1.251703356,2.96E-04
1.259315309,3.39E-04,1.247559992,2.40E-04,1.266262594,4.21E-04,1.266263642,4.26E-04,1.266265808,4.30E-04,1.260431622,3.68E-04,1.248015074,2.57E-04,1.237135578,1.86E-04,1.249141182,2.72E-04,1.257701818,3.52E-04
1.265993743,4.10E-04,1.253737009,2.89E-04,1.272452083,5.01E-04,1.272459092,5.06E-04,1.272467209,5.10E-04,1.266500234,4.38E-04,1.254016156,3.07E-04,1.243155877,2.24E-04,1.255425485,3.27E-04,1.26370028,4.19E-04
1.272672178,4.93E-04,1.259914026,3.46E-04,1.278641572,5.93E-04,1.278654543,5.99E-04,1.278668609,6.04E-04,1.27347966,5.30E-04,1.260017238,3.66E-04,1.249176176,2.69E-04,1.261709789,3.91E-04,1.269698742,4.94E-04
1.279350612,5.92E-04,1.266091043,4.14E-04,1.285964245,7.18E-04,1.286000977,7.25E-04,1.286038585,7.31E-04,1.280459086,6.37E-04,1.26601832,4.35E-04,1.255196475,3.21E-04,1.267994093,4.67E-04,1.275697204,5.81E-04
1.286029047,7.06E-04,1.27226806,4.92E-04,1.293286917,8.64E-04,1.293347411,8.72E-04,1.29340856,8.80E-04,1.287438513,7.63E-04,1.272019401,5.13E-04,1.261216775,3.82E-04,1.274278396,5.54E-04,1.28309566,7.04E-04
1.292707481,8.37E-04,1.278445078,5.84E-04,1.300609589,1.03E-03,1.300693845,1.04E-03,1.300778535,1.05E-03,1.294417939,9.08E-04,1.278020483,6.04E-04,1.267237074,4.54E-04,1.2805627,6.55E-04,1.290494116,8.48E-04
1.299385916,9.88E-04,1.284622095,6.87E-04,1.307932262,1.23E-03,1.308040279,1.24E-03,1.30814851,1.25E-03,1.301397365,1.08E-03,1.285435106,7.31E-04,1.273257373,5.35E-04,1.286847003,7.69E-04,1.297892571,1.01E-03
1.30606435,1.16E-03,1.290799112,8.06E-04,1.315254934,1.45E-03,1.315386714,1.47E-03,1.315518485,1.48E-03,1.308376792,1.27E-03,1.29284973,8.81E-04,1.279277672,6.29E-04,1.293131307,9.00E-04,1.305291027,1.21E-03
1.312742785,1.36E-03,1.298584252,9.78E-04,1.322577607,1.71E-03,1.322733148,1.72E-03,1.322888461,1.74E-03,1.315356218,1.48E-03,1.300264353,1.05E-03,1.28675966,7.62E-04,1.301182135,1.09E-03,1.312689483,1.43E-03
1.319421219,1.58E-03,1.306369392,1.18E-03,1.329900279,2.00E-03,1.330079582,2.01E-03,1.330258436,2.03E-03,1.322335644,1.73E-03,1.307678977,1.25E-03,1.294241648,9.18E-04,1.309232963,1.31E-03,1.320087939,1.68E-03
1.328401211,1.91E-03,1.314154532,1.41E-03,1.337222952,2.32E-03,1.337426016,2.34E-03,1.337628411,2.36E-03,1.331592925,2.10E-03,1.3150936,1.48E-03,1.301723636,1.10E-03,1.317283791,1.57E-03,1.327486394,1.96E-03
1.337381203,2.31E-03,1.321939672,1.67E-03,1.347088045,2.82E-03,1.347325583,2.84E-03,1.347561843,2.87E-03,1.340850206,2.53E-03,1.322508223,1.74E-03,1.309205625,1.31E-03,1.32533462,1.87E-03,1.33488485,2.28E-03
1.346361194,2.75E-03,1.329724812,1.98E-03,1.356953139,3.39E-03,1.35722515,3.42E-03,1.357495274,3.45E-03,1.350107487,3.02E-03,1.329922847,2.04E-03,1.316687613,1.54E-03,1.333385448,2.20E-03,1.342283306,2.64E-03
1.355341186,3.27E-03,1.337509952,2.32E-03,1.366818232,4.05E-03,1.367124717,4.09E-03,1.367428706,4.12E-03,1.359364768,3.58E-03,1.33733747,2.37E-03,1.324169601,1.81E-03,1.341436276,2.59E-03,1.349681761,3.04E-03
1.364321178,3.85E-03,1.345295092,2.71E-03,1.376683326,4.80E-03,1.377024284,4.84E-03,1.377362138,4.88E-03,1.368622049,4.22E-03,1.344752093,2.74E-03,1.331651589,2.12E-03,1.349487104,3.02E-03,1.357080217,3.48E-03
1.373301169,4.50E-03,1.353080233,3.14E-03,1.386548419,5.65E-03,1.386923851,5.70E-03,1.387295569,5.75E-03,1.377879329,4.94E-03,1.352166717,3.15E-03,1.339133578,2.46E-03,1.357537933,3.50E-03,1.364478673,3.97E-03
1.382281161,5.23E-03,1.360865373,3.63E-03,1.396413513,6.60E-03,1.396823418,6.66E-03,1.397229001,6.72E-03,1.38713661,5.75E-03,1.35958134,3.61E-03,1.346615566,2.85E-03,1.365588761,4.04E-03,1.371877129,4.52E-03
1.391261153,6.05E-03,1.368650513,4.17E-03,1.406278607,7.66E-03,1.406722985,7.73E-03,1.407162433,7.81E-03,1.396393891,6.65E-03,1.366995964,4.12E-03,1.354097554,3.28E-03,1.373639589,4.64E-03,1.379275584,5.11E-03
1.400241144,6.95E-03,1.376435653,4.76E-03,1.4161437,8.83E-03,1.416622552,8.92E-03,1.417095864,9.01E-03,1.405651172,7.65E-03,1.374410587,4.68E-03,1.361579543,3.75E-03,1.381690417,5.31E-03,1.38667404,5.77E-03
1.409221136,7.95E-03,1.384220793,5.42E-03,1.426008794,1.01E-02,1.426522119,1.02E-02,1.427029296,1.03E-02,1.414908453,8.76E-03,1.38182521,5.29E-03,1.369061531,4.28E-03,1.389741245,6.04E-03,1.401470951,7.26E-03
1.418201128,9.03E-03,1.392005933,6.14E-03,1.435873887,1.15E-02,1.436421686,1.16E-02,1.436962728,1.18E-02,1.424165734,9.97E-03,1.396654457,6.70E-03,1.376543519,4.86E-03,1.397792074,6.85E-03,1.414788172,8.84E-03
1.427181119,1.02E-02,1.399791073,6.93E-03,1.445738981,1.30E-02,1.446321253,1.32E-02,1.446896159,1.33E-02,1.433423014,1.13E-02,1.410000779,8.18E-03,1.384025507,5.50E-03,1.405842902,7.74E-03,1.428105392,1.06E-02
1.445141103,1.28E-02,1.415361353,8.71E-03,1.465469168,1.62E-02,1.466120387,1.64E-02,1.466763023,1.66E-02,1.451937576,1.42E-02,1.423347101,9.88E-03,1.398989484,6.96E-03,1.421944558,9.75E-03,1.441422612,1.27E-02
1.463101086,1.57E-02,1.429374606,1.05E-02,1.485199355,1.96E-02,1.485919521,1.98E-02,1.486629886,2.01E-02,1.468600682,1.71E-02,1.436693423,1.18E-02,1.412457063,8.50E-03,1.436436049,1.18E-02,1.454739832,1.49E-02
1.48106107,1.86E-02,1.443387858,1.26E-02,1.505638663,2.27E-02,1.506614227,2.30E-02,1.50758363,2.34E-02,1.485263787,2.00E-02,1.450039746,1.39E-02,1.425924642,1.03E-02,1.45092754,1.42E-02,1.468057053,1.73E-02
1.499021053,2.14E-02,1.45740111,1.48E-02,1.526077971,2.47E-02,1.527308933,2.51E-02,1.528537373,2.55E-02,1.501926893,2.28E-02,1.463386068,1.62E-02,1.43939222,1.23E-02,1.465419031,1.67E-02,1.481374273,1.98E-02
1.515558786,2.33E-02,1.471414362,1.72E-02,1.546517279,2.48E-02,1.548003639,2.52E-02,1.549491117,2.57E-02,1.519116338,2.51E-02,1.47673239,1.86E-02,1.452859799,1.45E-02,1.479910522,1.94E-02,1.508008713,2.46E-02
1.532096518,2.41E-02,1.485427614,1.95E-02,1.557149064,2.39E-02,1.558586091,2.43E-02,1.560017289,2.47E-02,1.536305783,2.63E-02,1.503425034,2.32E-02,1.466327378,1.68E-02,1.494402012,2.21E-02,1.534643154,2.78E-02
1.548634251,2.36E-02,1.513454119,2.34E-02,1.56778085,2.23E-02,1.569168542,2.26E-02,1.57054346,2.30E-02,1.553495229,2.58E-02,1.530117678,2.64E-02,1.479794957,1.93E-02,1.513884357,2.52E-02,1.556941381,2.78E-02
1.557836148,2.26E-02,1.536116381,2.47E-02,1.577349457,2.03E-02,1.578692749,2.06E-02,1.580017015,2.10E-02,1.563124017,2.48E-02,1.552553638,2.66E-02,1.506730115,2.40E-02,1.533366702,2.73E-02,1.576564535,2.49E-02
1.567038046,2.12E-02,1.556512417,2.35E-02,1.585711092,1.82E-02,1.587041478,1.85E-02,1.588351337,1.88E-02,1.572752805,2.31E-02,1.572253363,2.40E-02,1.533665273,2.70E-02,1.552849047,2.74E-02,1.593500343,2.04E-02
1.575319753,1.94E-02,1.564626213,2.23E-02,1.593111208,1.62E-02,1.594429273,1.64E-02,1.595725234,1.67E-02,1.581418714,2.12E-02,1.589252682,1.97E-02,1.555725452,2.69E-02,1.563827334,2.64E-02,1.608742571,1.52E-02
1.58277329,1.76E-02,1.57274001,2.08E-02,1.599771313,1.42E-02,1.601078288,1.44E-02,1.602361741,1.47E-02,1.589218032,1.91E-02,1.604552069,1.47E-02,1.56599122,2.56E-02,1.574805621,2.46E-02,1.623984799,9.85E-03
1.589481473,1.58E-02,1.580853806,1.89E-02,1.605765407,1.24E-02,1.607062402,1.26E-02,1.608334598,1.28E-02,1.596237418,1.71E-02,1.619851455,9.66E-03,1.576256989,2.38E-02,1.584582289,2.23E-02,1.639227027,5.38E-03
1.595518837,1.41E-02,1.597081399,1.42E-02,1.611160092,1.08E-02,1.612448104,1.10E-02,1.613710169,1.12E-02,1.602554866,1.51E-02,1.635150842,5.33E-03,1.585465391,2.16E-02,1.593014458,2.00E-02,1.654469255,2.35E-03
1.601556202,1.24E-02,1.613308991,9.22E-03,1.616554777,9.32E-03,1.617833807,9.45E-03,1.619085741,9.59E-03,1.608240569,1.33E-02,1.650450229,2.36E-03,1.593552493,1.93E-02,1.600456613,1.77E-02,1.667718204,1.00E-03
1.60698983,1.09E-02,1.627913825,5.32E-03,1.621949462,0.007885262,1.623219509,0.008001635,1.624461312,0.008119058,1.613926272,1.16E-02,1.663814952,1.01E-03,1.600759349,1.71E-02,1.607154553,1.56E-02,1.679642258,5.51E-04
1.612423459,0.009369676,1.642518658,0.002545203,1.632738832,0.005172251,1.633990914,0.005247199,1.635212454,0.005323681,1.619043405,1.00E-02,1.675843203,5.59E-04,1.60724552,0.01497734,1.613182698,1.36E-02,1.691566312,4.65E-04
1.617857087,0.007962383,1.655663009,0.001158442,1.642449265,0.003246199,1.643685179,0.003291518,1.644888482,0.003346456,1.624160538,8.58E-03,1.687871454,4.67E-04,1.613083073,0.013073773,1.618608029,1.18E-02,1.703490366,5.03E-04
1.628724343,0.005272577,1.667492924,6.35E-04,1.653356461,0.001770179,1.65459554,0.001789586,1.655711788,0.001828855,1.62927767,7.24E-03,1.699899704,5.03E-04,1.618336871,0.011386542,1.62403336,0.010104362,1.71541442,5.44E-04
1.638504874,0.003327159,1.679322839,4.92E-04,1.664263657,9.53E-04,1.665505902,9.58E-04,1.666535094,9.81E-04,1.639511936,0.004736963,1.711927955,5.44E-04,1.62359067,0.00977764,1.62945869,0.008524729,1.739262528,5.61E-04
1.649620822,0.001810313,1.691152754,5.03E-04,1.675170853,6.04E-04,1.676416264,6.04E-04,1.6773584,6.15E-04,1.648722774,0.002984695,1.723956206,5.23E-04,1.628844468,0.008275665,1.640309352,0.005536807,1.786958744,5.36E-04
1.66073677,9.66E-04,1.702982669,5.38E-04,1.686078049,5.14E-04,1.687326626,5.12E-04,1.688181705,5.16E-04,1.659676905,0.00159143,1.748012708,5.28E-04,1.639352064,0.005437289,1.650074948,0.003416995,1.834654961,3.86E-04
1.671852718,6.05E-04,1.726642499,5.60E-04,1.696985245,5.22E-04,1.698236988,5.21E-04,1.699005011,5.22E-04,1.670631035,8.55E-04,1.796125711,5.30E-04,1.6488089,0.00341199,1.661117375,0.001806258,1.882351177,0.002313957
1.682968666,5.11E-04,1.77396216,5.36E-04,1.707892441,5.35E-04,1.709147349,5.35E-04,1.709828317,4.54E-04,1.681585165,5.65E-04,1.844238714,1.98E-04,1.659846614,0.001810457,1.672159802,9.35E-04,1.977743609,5.34E-04
1.694084614,5.20E-04,1.821281821,3.52E-04,1.729706833,5.61E-04,1.730968073,5.62E-04,1.731474929,4.26E-04,1.692539295,5.06E-04,1.892351717,5.20E-04,1.670884328,9.41E-04,1.68320223,5.80E-04,1.999499,-0.002006202
1.705200562,5.33E-04,1.868601481,0.002309508,1.751521225,5.47E-04,1.752788796,5.47E-04,1.774768152,5.26E-04,1.703493425,5.24E-04,1.988577724,4.47E-04,1.681922041,5.84E-04,1.694244657,5.00E-04,1.999501,0.007944655
1.727432458,5.36E-04,1.915921142,9.77E-04,1.773335617,5.43E-04,1.77460952,5.44E-04,1.818061375,5.01E-04,1.714447555,5.37E-04,1.999499,3.61E-04,1.692959755,5.01E-04,1.705287085,5.17E-04,1.998501,0.005990423
1.771896249,5.34E-04,1.963240802,0.001062284,1.816964401,6.12E-04,1.818250967,6.14E-04,1.861354598,0.001143219,1.736355816,5.44E-04,1.999501,9.66E-04,1.703997469,5.17E-04,1.716329512,5.33E-04,1.996500999,-0.009679015
1.816360041,3.42E-04,1.999499,0.002875119,1.90422197,0.001866279,1.905533861,0.001867525,1.904647821,5.21E-04,1.758264076,5.35E-04,1.998501,8.40E-04,1.715035182,5.33E-04,1.738414367,5.40E-04,1.992501,3.28E-04
1.860823833,0.001775172,1.999501,-0.007484993,1.991479538,4.49E-04,1.992816755,4.48E-04,1.947941045,5.12E-04,1.802080597,5.26E-04,1.996500999,-1.16E-04,1.73711061,5.40E-04,1.782584076,5.35E-04,1.988500999,0.0034621
1.905287624,5.26E-04,1.998501,-0.005244408,1.999499,2.19E-04,1.999499,2.69E-04,1.991234268,5.12E-04,1.889713638,5.09E-04,1.992501,-2.11E-04,1.781261464,5.35E-04,1.826753786,3.74E-04,1.980500999,0.00297472
1.949751416,5.11E-04,1.996500999,1.02E-04,1.999501,0.001461742,1.999501,0.00128414,1.999499,5.18E-04,1.977346679,4.54E-04,1.984500999,2.41E-04,1.825412319,3.71E-04,1.870923496,0.001654326,1.964500999,0.00102193
1.994215208,5.05E-04,1.992501,0.003311483,1.998501,0.001193812,1.998501,0.001067327,1.999501,4.78E-04,1.999499,6.58E-04,1.968500999,6.13E-04,1.869563173,0.001659819,1.915093205,5.32E-04,1.932500999,5.72E-05
1.999499,5.11E-04,1.984500999,0.002961824,1.996500999,-7.96E-04,1.996500999,-5.53E-04,1.998501,4.83E-04,1.999501,2.37E-05,1.936500999,5.06E-04,1.913714028,5.30E-04,1.959262915,5.12E-04,1.900500999,3.13E-04
1.999501,4.92E-04,1.968500999,0.001072518,1.992501,-9.88E-04,1.992501,-7.10E-04,1.996500999,5.51E-04,1.998501,1.54E-04,1.904500999,4.41E-04,1.957864882,5.11E-04,1.999499,5.01E-04,1.868501,4.02E-04
1.998501,4.93E-04,1.936501,5.06E-04,1.984500999,-4.42E-05,1.984500999,5.75E-05,1.992501,6.23E-04,1.996500999,0.001172728,1.86596678,5.02E-04,1.999499,5.05E-04,1.999501,5.33E-04,1.828264317,4.99E-04
1.996500999,5.29E-04,1.904500999,4.40E-04,1.968500999,7.34E-04,1.968500999,6.91E-04,1.984500999,5.77E-04,1.992501,0.001271953,1.827432561,4.84E-04,1.999501,5.22E-04,1.998501,5.24E-04,1.788027635,4.79E-04
1.992501,5.71E-04,1.872501,4.32E-04,1.936500999,5.05E-04,1.936500999,5.06E-04,1.968500999,5.02E-04,1.984500999,7.87E-04,1.788898342,4.41E-04,1.998501,5.16E-04,1.996500999,4.78E-04,1.747790953,4.30E-04
1.984500999,5.45E-04,1.808501,4.14E-04,1.904500999,4.69E-04,1.904500999,4.72E-04,1.936500999,5.05E-04,1.968500999,3.81E-04,1.711829903,3.37E-04,1.996500999,4.92E-04,1.992501,4.42E-04,1.667317589,3.11E-04
1.968500999,5.01E-04,1.744500999,3.23E-04,1.872501,4.49E-04,1.872501,4.51E-04,1.904500999,4.88E-04,1.936501,5.05E-04,1.634761465,2.05E-04,1.992501,4.76E-04,1.984500999,4.68E-04,1.586844225,1.35E-04
1.936501,5.04E-04,1.680501,2.12E-04,1.808501,3.79E-04,1.808501,3.77E-04,1.872501,4.61E-04,1.904500999,4.99E-04,1.557693026,-7.86E-06,1.984500999,4.89E-04,1.968500999,5.02E-04,1.506370861,-3.74E-04
1.904500999,4.87E-04,1.612055613,3.59E-04,1.744500999,2.75E-04,1.744500999,2.72E-04,1.808501,3.69E-04,1.872501,4.67E-04,1.519158807,-1.03E-04,1.968500999,5.02E-04,1.936501,4.97E-04,1.496311691,-4.73E-04
1.872501,4.60E-04,1.543610227,1.85E-04,1.616500999,4.08E-04,1.616500999,4.06E-04,1.744500999,2.60E-04,1.808501,3.64E-04,1.480624587,-5.53E-04,1.936501,5.06E-04,1.904500999,4.87E-04,1.47619335,-7.83E-04
1.808501,3.94E-04,1.50575493,-9.06E-05,1.547207446,2.32E-04,1.54677916,2.28E-04,1.616500999,4.05E-04,1.744500999,2.51E-04,1.455119652,-0.001254817,1.904500999,4.65E-04,1.872501,4.37E-04,1.456075009,-0.001338085
1.744500999,2.90E-04,1.467899634,-7.56E-04,1.503702584,-9.91E-05,1.503105489,-1.11E-04,1.546029491,2.22E-04,1.653077971,4.28E-04,1.429614716,-0.002552936,1.864783881,5.02E-04,1.833085517,5.00E-04,1.437994362,-0.002155684
1.680501,1.85E-04,1.445517778,-1.55E-03,1.473911931,-6.09E-04,1.473176876,-6.35E-04,1.502389043,-1.24E-04,1.561654943,2.88E-04,1.406976744,-0.004548752,1.825066762,4.80E-04,1.793670035,4.79E-04,1.419913715,-0.003419834
1.61274388,3.58E-04,1.423135922,-2.89E-03,1.444121279,-0.001626255,1.443248264,-0.001682032,1.472210945,-6.66E-04,1.516361524,1.91E-05,1.387827768,-0.007183573,1.785349644,4.35E-04,1.754254553,4.33E-04,1.401833068,-0.005326528
1.54498676,1.99E-04,1.403154726,-4.80E-03,1.418880536,-0.003245556,1.417752339,-0.003366101,1.442032848,-0.001757139,1.471068106,-6.89E-04,1.371147698,-0.010423181,1.705915406,3.26E-04,1.675423588,3.21E-04,1.385560486,-0.007796681
1.506974653,-7.02E-05,1.386279318,-7.15E-03,1.403490628,-0.004788385,1.396671339,-0.005680707,1.416513282,-0.003502291,1.446989346,-0.001528134,1.357030387,-0.013954394,1.626481169,1.87E-04,1.596592623,1.60E-04,1.370915162,-1.08E-02
1.468962547,-7.17E-04,1.372176883,-9.78E-03,1.388100721,-0.00690921,1.383921766,-0.007653616,1.395613145,-0.005871705,1.422910585,-0.002985643,1.34496478,-0.017517612,1.547046932,-6.08E-05,1.517761659,-2.47E-04,1.356269838,-1.46E-02
1.446514316,-1.50E-03,1.359959922,-1.26E-02,1.374432487,-0.00938826,1.371172192,-0.010145953,1.382709411,-7.93E-03,1.401779889,-0.005095628,1.334105733,-0.021019572,1.507329813,-2.26E-04,1.507907788,-3.12E-04,1.34352362,-1.86E-02
1.424066085,-2.80E-03,1.348964656,-1.55E-02,1.362131077,-1.22E-02,1.359697576,-1.29E-02,1.369805677,-1.05E-02,1.383514743,-7.84E-03,1.323246686,-0.024542174,1.467612694,-8.76E-04,1.488200047,-5.24E-04,1.332052023,-2.25E-02
1.404307889,-4.63E-03,1.337969391,-1.87E-02,1.351059808,-1.51E-02,1.34822296,-1.60E-02,1.358192317,-1.34E-02,1.367885005,-1.10E-02,1.312387639,-0.027672681,1.444445762,-1.73E-03,1.468492306,-9.18E-04,1.320580427,-2.65E-02
1.387719821,-6.87E-03,1.326974125,-2.19E-02,1.339988538,-1.83E-02,1.337895806,-1.91E-02,1.347740292,-1.63E-02,1.354762775,-1.44E-02,1.301528592,-0.029838384,1.421278829,-3.20E-03,1.448649008,-1.59E-03,1.30910883,-3.00E-02
1.373816845,-9.36E-03,1.31597886,-2.47E-02,1.328917269,-2.16E-02,1.327568652,-2.23E-02,1.337288268,-1.95E-02,1.34322012,-1.78E-02,1.290669546,-0.030379125,1.400428589,-5.38E-03,1.428805711,-2.69E-03,1.297637234,-3.22E-02
1.36157179,-1.21E-02,1.304983594,-2.67E-02,1.317846,-2.47E-02,1.317241497,-2.52E-02,1.326836243,-2.28E-02,1.33283173,-2.11E-02,1.279810499,-0.028728418,1.382323602,-8.21E-03,1.408962413,-4.43E-03,1.286165637,-3.23E-02
1.350551241,-1.49E-02,1.293988329,-2.71E-02,1.306774731,-2.69E-02,1.306927649,-2.74E-02,1.316384219,-2.58E-02,1.322443341,-2.44E-02,1.270037357,-0.025162307,1.366323391,-1.16E-02,1.391103446,-6.80E-03,1.2758412,-3.01E-02
1.339530691,-1.80E-02,1.282993063,-2.56E-02,1.295703461,-2.78E-02,1.296613802,-2.84E-02,1.305932194,-2.81E-02,1.312054952,-2.73E-02,1.261241529,-2.05E-02,1.352580192,-1.54E-02,1.375030375,-9.78E-03,1.266549207,-2.62E-02
1.328510141,-2.11E-02,1.273097324,-2.23E-02,1.284632192,-2.67E-02,1.286299954,-2.77E-02,1.29548017,-2.91E-02,1.301666562,-2.92E-02,1.253325284,-1.56E-02,1.340697077,-1.91E-02,1.360564611,-1.33E-02,1.258186413,-2.13E-02
1.317489592,-2.40E-02,1.264191159,-1.80E-02,1.279665104,-2.55E-02,1.280776262,-2.65E-02,1.285028146,-2.83E-02,1.291278173,-2.96E-02,1.245409039,-1.08E-02,1.330002273,-2.26E-02,1.347545424,-1.71E-02,1.249823619,-1.57E-02
1.306469042,-2.60E-02,1.256175611,-1.36E-02,1.274698015,-2.38E-02,1.275252569,-2.48E-02,1.279666845,-2.70E-02,1.280889783,-2.81E-02,1.237492793,-6.59E-03,1.319307469,-2.61E-02,1.335926676,-2.09E-02,1.241460826,-1.03E-02
1.295448493,-2.65E-02,1.248160062,-9.27E-03,1.270227636,-2.20E-02,1.270281246,-2.28E-02,1.274305544,-2.53E-02,1.271540233,-2.49E-02,1.233240217,-4.82E-03,1.309129522,-2.89E-02,1.324307928,-2.49E-02,1.235664394,-7.15E-03
1.284427943,-2.51E-02,1.240144514,-5.56E-03,1.266204294,-2.01E-02,1.265850412,-2.08E-02,1.269480374,-2.33E-02,1.262190682,-2.01E-02,1.22898764,-3.40E-03,1.298951576,-3.07E-02,1.31268918,-2.85E-02,1.231597402,-5.30E-03
1.274509448,-2.20E-02,1.235986882,-4.08E-03,1.262583287,-1.83E-02,1.262063133,-1.88E-02,1.26513772,-2.12E-02,1.253776087,-1.51E-02,1.225405686,-2.48E-03,1.288773629,-3.10E-02,1.301070432,-3.11E-02,1.227530409,-3.80E-03
1.265582803,-1.79E-02,1.23182925,-2.90E-03,1.25932927,-1.65E-02,1.258725268,-1.70E-02,1.261376341,-1.93E-02,1.245361492,-1.01E-02,1.222181926,-1.84E-03,1.278595682,-2.92E-02,1.289451684,-3.18E-02,1.223894145,-2.75E-03
1.257548823,-1.36E-02,1.228317521,-2.14E-03,1.256407327,-1.49E-02,1.255770396,-1.53E-02,1.258053765,-1.74E-02,1.236946896,-5.89E-03,1.219280543,-1.41E-03,1.269435531,-2.57E-02,1.278994811,-3.02E-02,1.220621507,-2.03E-03
1.249514842,-9.36E-03,1.225156964,-1.62E-03,1.253777578,-1.35E-02,1.253111011,-1.39E-02,1.255101281,-1.57E-02,1.232833993,-4.31E-03,1.21637916,-1.41E-03,1.260275379,-2.07E-02,1.269583626,-2.67E-02,1.217676134,-1.54E-03
1.241480861,-5.67E-03,1.222312463,-1.26E-03,1.251410803,-1.22E-02,1.250717565,-1.25E-02,1.252444047,-1.42E-02,1.22872109,-3.05E-03,1.213477776,-1.41E-03,1.252031242,-1.56E-02,1.261113558,-2.22E-02,1.21473076,-1.16E-03
1.237227371,-4.15E-03,1.219467962,-9.95E-04,1.249280707,-1.11E-02,1.248563463,-1.13E-02,1.250052535,-1.28E-02,1.225301597,-2.26E-03,1.210576393,-1.41E-03,1.243787105,-1.05E-02,1.252643491,-1.68E-02,1.211785386,-8.94E-04
1.232973881,-0.002944976,1.21662346,-7.99E-04,1.24715061,-9.96E-03,1.246624771,-1.03E-02,1.247900175,-1.16E-02,1.222224054,-1.70E-03,1.20767501,-1.41E-03,1.235542968,-6.12E-03,1.245020431,-1.19E-02,1.208840012,-7.03E-04
1.229373963,-0.002162807,1.213778959,-6.58E-04,1.245233523,-9.00E-03,1.244686079,-9.29E-03,1.245963051,-1.05E-02,1.219454265,-1.33E-03,1.204773626,-1.41E-03,1.231466923,-4.48E-03,1.23739737,-0.007511416,1.205894638,-5.72E-04
1.226134036,-0.001627754,1.210934458,-5.60E-04,1.243316436,-8.09E-03,1.242941257,-8.43E-03,1.244025927,-9.52E-03,1.216684476,-1.04E-03,1.201872243,-1.41E-03,1.227390877,-3.18E-03,1.232992342,-0.005476905,1.202949264,-4.85E-04
1.223218103,-0.001264267,1.208089957,-4.93E-04,1.241591058,-7.30E-03,1.241196434,-7.61E-03,1.242282515,-8.64E-03,1.213914687,-8.27E-04,1.19897086,-1.41E-03,1.223996134,-2.35E-03,1.228587313,-0.003836581,1.200003891,-4.29E-04
1.220302169,-9.92E-04,1.205245456,-4.49E-04,1.23986568,-6.56E-03,1.239626094,-6.91E-03,1.240539103,-0.007798982,1.211144897,-6.74E-04,1.196069476,-1.41E-03,1.220940865,-1.77E-03,1.224834812,-0.002758301,1.197058517,-3.93E-04
1.217386235,-7.94E-04,1.202400955,-4.19E-04,1.238312839,-5.93E-03,1.238055754,-6.24E-03,1.238970032,-0.007077457,1.208375108,-5.67E-04,1.193168093,-1.41E-03,1.218191123,-1.37E-03,1.221457562,-0.002018604,1.194113143,-3.69E-04
1.214470301,-6.53E-04,1.199556454,-3.98E-04,1.236759999,-0.005341184,1.236485413,-0.005618899,1.237400962,-0.006396639,1.205605319,-4.93E-04,1.19026671,-1.41E-03,1.215441381,-0.001072031,1.218418036,-0.001516799,1.191167769,-3.54E-04
1.211554367,-5.56E-04,1.196711953,-3.82E-04,1.235207158,-0.004790662,1.233344733,-0.00443848,1.235831891,-0.005757977,1.20283553,-4.43E-04,1.184463943,-1.41E-03,1.212691639,-8.48E-04,1.215682463,-0.001177653,1.188222395,-3.44E-04
1.208638433,-4.91E-04,1.193867452,-3.71E-04,1.232101477,-0.003756305,1.23051812,-0.003517936,1.23269375,-0.004547651,1.200065741,-4.10E-04,1.178661177,-1.41E-03,1.209941896,-6.86E-04,1.212946889,-9.24E-04,1.182331648,-3.26E-04
1.205722499,-4.48E-04,1.188178449,-3.54E-04,1.229306364,-0.002951792,1.227691508,-0.002746728,1.229869423,-0.003603188,1.197295952,-3.88E-04,1.17285841,-1.41E-03,1.207192154,-5.72E-04,1.210211316,-7.40E-04,1.1764409,-3.16E-04
1.202806565,-4.19E-04,1.182489447,-3.43E-04,1.226511251,-0.002298453,1.224864895,-0.002120781,1.227045096,-0.002811374,1.194526163,-3.70E-04,1.167055643,-1.41E-03,1.204442412,-4.94E-04,1.207475743,-6.08E-04,1.164659405,-2.98E-04
1.199890631,-3.99E-04,1.176800445,-3.34E-04,1.223716139,-0.001774902,1.222038283,-0.001627656,1.224220769,-0.002168194,1.191756374,-3.59E-04,1.15545011,-1.41E-03,1.20169267,-4.41E-04,1.20474017,-5.18E-04,1.154056059,-2.94E-04
1.196974698,-3.83E-04,1.171111443,-3.25E-04,1.220921026,-0.001368297,1.21921167,-0.001250518,1.221396442,-0.001661069,1.186216795,-3.41E-04,1.143844577,-1.41E-03,1.198942928,-4.06E-04,1.202004596,-4.56E-04,1.143452713,-2.87E-04
1.194058764,-3.73E-04,1.159733438,-3.18E-04,1.218125913,-0.00106197,1.216385058,-9.71E-04,1.218572115,-0.001272894,1.180677217,-3.30E-04,1.132239043,-1.41E-03,1.196193186,-3.82E-04,1.199269023,-4.15E-04,1.132849367,-2.81E-04
1.188226896,-3.56E-04,1.144166259,-3.05E-04,1.2153308,-8.38E-04,1.213558445,-7.69E-04,1.215747788,-9.85E-04,1.175137639,-3.22E-04,1.12063351,-1.41E-03,1.193443444,-3.64E-04,1.19653345,-3.87E-04,1.111642676,-2.71E-04
1.182395028,-3.45E-04,1.128599079,-2.99E-04,1.212535687,-6.79E-04,1.210731833,-6.28E-04,1.212923461,-7.77E-04,1.169598061,-3.14E-04,1.097422444,-1.41E-03,1.190693702,-3.52E-04,1.193797877,-3.68E-04,1.090435984,-2.67E-04
1.17656316,-3.36E-04,1.113031899,-2.95E-04,1.209740574,-5.70E-04,1.207905221,-5.33E-04,1.210099134,-6.32E-04,1.158518904,-3.06E-04,1.074211377,-1.41E-03,1.185194217,-3.35E-04,1.191062303,-3.53E-04,1.069229292,-2.65E-04
1.170731293,-3.27E-04,1.09746472,-2.91E-04,1.206945461,-4.96E-04,1.205078608,-4.70E-04,1.207274806,-5.33E-04,1.147439748,-2.96E-04,1.027789244,-1.41E-03,1.179694733,-3.24E-04,1.18832673,-3.43E-04,1.048022601,-2.62E-04
1.159067557,-3.19E-04,1.06633036,-2.85E-04,1.204150349,-4.47E-04,1.202251996,-4.28E-04,1.204450479,-4.68E-04,1.136360591,-2.88E-04,1.000500999,-1.41E-03,1.174195249,-3.15E-04,1.182855584,-3.28E-04,1.005609218,-5.13E-04
1.143314652,-3.07E-04,1.035196001,-2.78E-04,1.201355236,-4.15E-04,1.199425383,-4.01E-04,1.201626152,-4.25E-04,1.114202278,-2.82E-04,1.491371253,-1.41E-03,1.168695764,-3.07E-04,1.177384437,-3.18E-04,1.000500999,-3.75E-04
1.127561747,-3.01E-04,1.004061642,-2.65E-04,1.198560123,-3.96E-04,1.196598771,-3.82E-04,1.198801825,-3.98E-04,1.092043965,-2.79E-04,1.478319542,-1.41E-03,1.157696796,-3.00E-04,1.171913291,-3.09E-04,1.399601222,-0.006334982
1.111808842,-2.97E-04,1.000500999,-2.78E-04,1.19576501,-3.82E-04,1.193772158,-3.69E-04,1.195977498,-3.79E-04,1.069885653,-2.75E-04,1.470937726,-1.41E-03,1.146697827,-2.90E-04,1.166442144,-3.02E-04,1.395911666,-0.004745266
1.096055937,-2.94E-04,1.413576872,-0.010141924,1.192969897,-3.72E-04,1.188118933,-3.50E-04,1.193153171,-3.65E-04,1.04772734,-2.73E-04,1.463555911,-1.41E-03,1.135698859,-2.82E-04,1.155499851,-3.00E-04,1.392222111,-0.003456362
1.064550126,-2.88E-04,1.4117728,-0.009203608,1.187379672,-3.56E-04,1.182465708,-3.41E-04,1.187504517,-3.46E-04,1.003410714,-5.85E-04,1.456174095,-1.41E-03,1.113700922,-2.76E-04,1.144557559,-2.88E-04,1.389126223,-0.002602103
1.033044316,-2.80E-04,1.409968729,-0.008308246,1.181789446,-3.42E-04,1.176812483,-3.31E-04,1.181855863,-3.37E-04,1.000500999,-3.91E-04,1.448792279,-1.41E-03,1.091702985,-2.73E-04,1.133615266,-2.81E-04,1.386339924,-0.001993346
1.001538506,-2.65E-04,1.408345065,-0.007536923,1.17619922,-3.32E-04,1.171159258,-3.22E-04,1.176207209,-3.27E-04,1.410779256,-0.01029878,1.441410463,-1.41E-03,1.069705048,-2.70E-04,1.11173068,-2.73E-04,1.383832254,-0.001560109
1.000500999,-2.77E-04,1.406721401,-0.006807079,1.165018769,-3.16E-04,1.159852808,-3.17E-04,1.170558555,-3.18E-04,1.403323769,-0.006336028,1.434028647,-1.41E-03,1.04770711,-2.67E-04,1.089846094,-2.70E-04,1.381324585,-0.001219076
1.375021665,-4.43E-04,1.405260104,-0.006182854,1.153838317,-3.08E-04,1.148546358,-3.03E-04,1.159261246,-3.13E-04,1.399416171,-0.004710513,1.426646831,-1.41E-03,1.003711236,-5.66E-04,1.067961508,-2.67E-04,1.378816916,-9.56E-04
1.37234676,-3.97E-04,1.403798806,-0.005595535,1.142657866,-3.02E-04,1.137239908,-2.95E-04,1.147963938,-3.00E-04,1.395508573,-0.003395596,1.419265016,-1.41E-03,1.000500999,-3.83E-04,1.046076922,-2.64E-04,1.376309247,-7.58E-04
1.369671856,-3.66E-04,1.402337508,-0.005045812,1.131477415,-2.97E-04,1.114627008,-2.88E-04,1.13666663,-2.91E-04,1.39224958,-0.002534929,1.4118832,-1.41E-03,1.388010894,-0.002000256,1.002307751,-5.52E-04,1.373801578,-6.12E-04
1.366996951,-3.44E-04,1.399414913,-0.00400759,1.109116512,-2.90E-04,1.092014109,-2.84E-04,1.114072013,-2.84E-04,1.389316487,-0.001926541,1.404501384,-1.41E-03,1.385392132,-0.001553229,1.000500999,-3.67E-04,1.371293908,-5.06E-04
1.364322047,-3.29E-04,1.396784578,-0.0031982,1.086755609,-2.86E-04,1.069401209,-2.81E-04,1.091477397,-2.81E-04,1.386676703,-0.001497854,1.400270798,-1.41E-03,1.382773371,-0.001204371,1.397739046,-0.005950083,1.368786239,-4.32E-04
1.361647142,-3.18E-04,1.394154242,-0.002518051,1.064394706,-2.83E-04,1.046788309,-2.78E-04,1.06888278,-2.77E-04,1.384036919,-0.001164186,1.396040212,-1.41E-03,1.380416485,-9.63E-04,1.396397017,-0.005386195,1.36627857,-3.80E-04
1.358972238,-3.08E-04,1.391523906,-0.001962505,1.042033803,-2.80E-04,1.001562509,-6.21E-04,1.046288163,-2.74E-04,1.381397135,-9.10E-04,1.392512975,-1.41E-03,1.3780596,-7.78E-04,1.395054988,-0.004860143,1.363770901,-3.44E-04
1.353622429,-2.93E-04,1.38889357,-0.001520501,1.000500999,-5.36E-04,1.000500999,-3.96E-04,1.00109893,-6.14E-04,1.378757351,-7.22E-04,1.389338462,-1.41E-03,1.375702714,-6.38E-04,1.392370931,-0.003871716,1.361263231,-3.20E-04
1.348272619,-2.83E-04,1.386263235,-0.001177789,1.403363188,-0.005827679,1.402754045,-0.006048333,1.000500999,-3.95E-04,1.376117567,-5.85E-04,1.386509663,-1.41E-03,1.373345829,-5.34E-04,1.389955279,-0.003103573,1.358755562,-3.03E-04
1.34292281,-2.75E-04,1.383632899,-9.19E-04,1.401909005,-0.005260412,1.399737119,-0.004811972,1.364455473,-3.36E-04,1.373477783,-4.89E-04,1.383963744,-1.41E-03,1.370988943,-4.59E-04,1.387539627,-0.002458025,1.356247893,-2.89E-04
1.337573001,-2.68E-04,1.381002563,-7.28E-04,1.39900064,-0.004187378,1.397021886,-0.003839547,1.362048316,-3.20E-04,1.370837999,-4.22E-04,1.381417825,-1.41E-03,1.368632058,-4.04E-04,1.385123975,-0.001929138,1.353740224,-2.80E-04
1.326873383,-2.56E-04,1.378372228,-5.91E-04,1.396383111,-0.00334828,1.394306652,-0.00301577,1.359641158,-3.08E-04,1.368198215,-3.76E-04,1.378871906,-1.41E-03,1.366275172,-3.66E-04,1.382708323,-0.001505758,1.348724885,-2.65E-04
1.316173765,-2.50E-04,1.375741892,-4.96E-04,1.393765582,-0.002640691,1.391591419,-0.002337875,1.354826843,-2.89E-04,1.365558431,-3.45E-04,1.376325987,-1.41E-03,1.363918287,-3.39E-04,1.380292671,-0.0011744,1.343709547,-2.55E-04
1.305474147,-2.45E-04,1.373111556,-4.30E-04,1.391148054,-0.002060433,1.388876186,-0.001794976,1.350012528,-2.78E-04,1.362918647,-3.24E-04,1.373780068,-1.41E-03,1.361561402,-3.19E-04,1.377877019,-9.21E-04,1.338694208,-2.48E-04
1.294774529,-2.41E-04,1.370481221,-3.85E-04,1.388530525,-0.001596737,1.386160952,-0.00137176,1.345198214,-2.69E-04,1.360278863,-3.09E-04,1.371234149,-1.41E-03,1.359204516,-3.03E-04,1.375461368,-7.31E-04,1.33367887,-2.42E-04
1.284074911,-2.39E-04,1.367850885,-3.55E-04,1.385912996,-0.001235494,1.383445719,-0.001050768,1.340383899,-2.62E-04,1.357639079,-2.96E-04,1.36868823,-3.93E-04,1.356847631,-2.92E-04,1.373045716,-5.92E-04,1.328663532,-2.36E-04
1.262675675,-2.34E-04,1.365220549,-3.35E-04,1.383295467,-9.61E-04,1.381002009,-8.36E-04,1.330755269,-2.49E-04,1.354999295,-2.88E-04,1.366142311,-3.56E-04,1.35213386,-2.76E-04,1.370630064,-4.93E-04,1.318632855,-2.33E-04
1.241276439,-2.31E-04,1.362590213,-3.20E-04,1.380677938,-7.58E-04,1.378558299,-6.76E-04,1.321126639,-2.42E-04,1.349719727,-2.74E-04,1.363596392,-3.31E-04,1.347420089,-2.66E-04,1.368214412,-4.23E-04,1.308602178,-2.24E-04
1.219877202,-2.29E-04,1.359959878,-3.09E-04,1.378060409,-6.12E-04,1.376114589,-5.60E-04,1.31149801,-2.37E-04,1.344440159,-2.65E-04,1.361050473,-3.13E-04,1.342706318,-2.58E-04,1.36579876,-3.75E-04,1.298571501,-2.19E-04
1.198477966,-2.26E-04,1.357329542,-3.01E-04,1.375442881,-5.09E-04,1.373670879,-4.77E-04,1.30186938,-2.33E-04,1.339160592,-2.57E-04,1.358504554,-3.01E-04,1.337992547,-2.51E-04,1.363383108,-3.42E-04,1.278510147,-2.13E-04
1.155679494,-4.48E-04,1.352068871,-2.87E-04,1.372825352,-4.38E-04,1.371227169,-4.19E-04,1.29224075,-2.30E-04,1.333881024,-2.50E-04,1.355958635,-2.90E-04,1.333278776,-2.45E-04,1.360967456,-3.19E-04,1.260454929,-2.10E-04
1.112881022,-2.17E-04,1.346808199,-2.79E-04,1.370207823,-3.90E-04,1.368783459,-3.78E-04,1.272983491,-2.25E-04,1.328601456,-2.45E-04,1.353412716,-2.82E-04,1.323851234,-2.41E-04,1.358551805,-3.03E-04,1.242399711,-2.08E-04
1.070082549,-2.09E-04,1.341547528,-2.70E-04,1.367590294,-3.57E-04,1.366339749,-3.50E-04,1.253726232,-2.22E-04,1.31804232,-2.37E-04,1.348320878,-2.70E-04,1.314423692,-2.32E-04,1.356136153,-2.92E-04,1.224344492,-2.06E-04
1.000500999,-2.02E-04,1.336286856,-2.64E-04,1.364972765,-3.35E-04,1.363896039,-3.30E-04,1.234468972,-2.19E-04,1.307483184,-2.32E-04,1.34322904,-2.61E-04,1.30499615,-2.26E-04,1.353720501,-2.83E-04,1.188234055,-3.27E-04
0,0,1.325765514,-2.53E-04,1.362355237,-3.19E-04,1.361452329,-3.16E-04,1.215211713,-2.17E-04,1.296924048,-2.28E-04,1.338137201,-2.54E-04,1.286141067,-2.19E-04,1.348889197,-2.69E-04,1.152123619,-2.01E-04
0,0,1.315244171,-2.46E-04,1.359737708,-3.08E-04,1.359008619,-3.05E-04,1.176697194,-3.70E-04,1.286364912,-2.25E-04,1.333045363,-2.46E-04,1.269171491,-2.16E-04,1.344057893,-2.60E-04,1.116013182,-1.98E-04
0,0,1.304722828,-2.42E-04,1.357120179,-2.99E-04,1.354121199,-2.88E-04,1.138182676,-2.11E-04,1.275805777,-2.07E-04,1.327953525,-2.43E-04,1.252201916,-2.14E-04,1.33922659,-2.52E-04,1.079902745,-1.93E-04
0,0,1.294201485,-2.38E-04,1.351885121,-2.85E-04,1.349233779,-2.79E-04,1.099668157,-2.06E-04,1.265246641,-2.20E-04,1.317769849,-2.35E-04,1.235232341,-2.12E-04,1.334395286,-2.46E-04,1.007681872,-0.001869078
0,0,1.283680142,-2.35E-04,1.346650064,-2.76E-04,1.344346359,-2.70E-04,1.022639119,-2.61E-04,1.254687505,-2.20E-04,1.307586173,-2.32E-04,1.218262766,-2.10E-04,1.324732678,-2.35E-04,1.000500999,-9.39E-04
0,0,1.262637457,-2.31E-04,1.341415006,-2.68E-04,1.339458939,-2.63E-04,1.000500999,-5.66E-04,1.233569233,-2.18E-04,1.297402497,-2.26E-04,1.184323615,-3.00E-04,1.315070071,-2.29E-04,0,0
0,0,1.241594771,-2.28E-04,1.336179948,-2.61E-04,1.329684099,-2.51E-04,0,0.00E+00,1.212450962,-2.00E-04,1.287218821,-2.19E-04,1.150384464,-2.05E-04,1.305407464,-2.24E-04,0,0
0,0,1.220552086,-2.26E-04,1.325709833,-2.50E-04,1.319909259,-2.44E-04,0,0,1.19133269,-2.13E-04,1.266851468,-2.34E-04,1.116445314,-2.02E-04,1.295744856,-2.21E-04,0,0
0,0,1.1995094,-2.24E-04,1.315239718,-2.44E-04,1.310134419,-2.39E-04,0,0,1.149096147,-2.08E-04,1.246484116,-2.16E-04,1.048567012,-0.003870008,1.286082249,-2.08E-04,0,0
0,0,1.157424029,-4.29E-04,1.304769603,-2.39E-04,1.300359579,-2.35E-04,0,0,1.106859604,-2.05E-04,1.226116764,-2.14E-04,1.000500999,-1.64E-04,1.276419641,-2.15E-04,0,0
0,0,1.115338658,-2.15E-04,1.294299487,-2.36E-04,1.290584739,-2.32E-04,0,0,1.022386517,-0.004848314,1.205749411,-2.12E-04,0,0,1.257094426,-2.12E-04,0,0
0,0,1.073253286,-2.07E-04,1.283829372,-2.33E-04,1.271035058,-2.27E-04,0,0,1.000500999,-0.004131743,1.185382059,-2.11E-04,0,0,1.237769212,-2.05E-04,0,0
0,0,1.000500999,-0.009631545,1.262889141,-2.28E-04,1.251485378,-2.24E-04,0,0,0,0,1.144647354,-3.75E-04,0,0,1.218443997,-1.85E-04,0,0
0,0,1.000000316,-2.07E-04,1.241948911,-2.26E-04,1.231935698,-2.22E-04,0,0,0,0,1.103912649,-2.04E-04,0,0,1.199118782,-2.07E-04,0,0
0,0,0,0,1.22100868,-2.23E-04,1.212386018,-2.20E-04,0,0,0,0,1.063177945,-2.02E-04,0,0,1.160468352,-2.03E-04,0,0
0,0,0,0,1.20006845,-2.21E-04,1.173286658,-3.81E-04,0,0,0,0,1.000500999,-1.77E-04,0,0,1.121817922,-2.13E-04,0,0
0,0,0,0,1.158187989,-4.22E-04,1.134187298,-2.13E-04,0,0,0,0,0,0,0,0,1.087032535,-1.98E-04,0,0
0,0,0,0,1.116307528,-2.13E-04,1.095087937,-2.08E-04,0,0,0,0,0,0,0,0,1.052247149,-0.004352006,0,0
0,0,0,0,1.074427066,-2.06E-04,1.016889217,-2.63E-04,0,0,0,0,0,0,0,0,1.000500999,-1.91E-04,0,0
0,0,0,0,1.000500999,-0.009936931,1.000500999,-4.40E-04,0,0,0,0,0,0,0,0,0,0,0,0
0,0,0,0,1.000001339,-2.05E-04,0,0,0,0,0,0,0,0,0,0,0,0,0,0
